NGO,Region,District,Area name,Cluster name,Community name,Community versus area-level programming,Total population (# of HH),Host population (#of HH),IDP population (# of HH),Is this community an IDP settlement?,Residency type - defined by Members,Urban if pop>1500,Residency type by BRCiS definition,"Residential info - detailed. Please differentiate between 4 categories: Capital, District capitals, Small towns and Villages","Main livelihoods (Urban, Pastoralist, Agro-pastoral, Riverine, Coastal fishery)",Vulnarability score,DFID1 Community (Yes or No),Urban area with predominantly rural livelihoods,Urban - where multiple livelihoods exist within the same community,Pastoralist - where multiple livelihoods exist within the same community,Agro-pastoralist - where multiple livelihoods exist within the same community,Riverine - where multiple livelihoods exist within the same community,Coastal fishery - where multiple livelihoods exist within the same community
ACF,Bakool,Elbarde,Qarin,Cluster 1,Abesaale,Participant Community,300,280,20,No,Rural,Rural,Rural,Village,Agro-pastoral,29.67,No,0,0,0,1,0,0
ACF,Bakool,Elbarde,Elbarde,section,Ayeyo,Area Community,150,150,0,No,Rural,Rural,Rural,Village,Agro-pastoral,25.67,No,0,0,0,1,0,0
ACF,Bakool,Elbarde,Elbarde,section,Bali Ade,Area Community,180,180,0,No,Rural,Rural,Rural,Village,Agro-pastoral,25,No,0,0,0,1,0,0
ACF,Bakool,Elbarde,Elbarde,section,Biyaqabobe,Area Community,220,180,40,No,Rural,Rural,Rural,Village,Agro-pastoral,23,No,0,0,0,1,0,0
ACF,Bakool,Elbarde,Bay,Cluster 2,Cadayle,Participant Community,120,120,0,No,Rural,Rural,Rural,Village,Pastoralist,29.67,No,0,0,1,0,0,0
ACF,Bakool,Elbarde,Bay,Cluster 2,Ceelwayne,Participant Community,200,200,0,No,Rural,Rural,Rural,Village,Agro-pastoral,29.33,No,0,0,0,1,0,0
ACF,Bakool,Elbarde,Elbarde,section,Dhuuray,Area Community,450,350,100,No,Rural,Rural,Rural,Village,Pastoralist,26,No,0,0,1,0,0,0
ACF,Bakool,Elbarde,Bay,Cluster 2,Diidow,Participant Community,150,150,0,No,Rural,Rural,Rural,Village,Pastoralist,30.67,No,0,0,1,0,0,0
ACF,Bakool,Elbarde,Elbarde,section,Eldhere,Area Community,210,280,30,No,Rural,Rural,Rural,Village,Pastoralist,24.67,No,0,0,1,0,0,0
ACF,Bakool,Elbarde,Bay,Cluster 2,Elmagad,Participant Community,340,300,40,No,Rural,Rural,Rural,Village,Agro-pastoral,28.33,No,0,0,0,1,0,0
ACF,Bakool,Elbarde,Qarin,Cluster 1,Figta,Participant Community,280,230,50,No,Rural,Rural,Rural,Village,Agro-pastoral,29.33,No,0,0,0,1,0,0
ACF,Bakool,Elbarde,Elbarde,section,Gargar,Area Community,400,0,400,Yes,Urban,Rural,Urban,Small town,Urban,22.67,No,0,1,0,0,0,0
ACF,Bakool,Elbarde,Qarin,Cluster 1,Garidab,Participant Community,175,150,25,No,Rural,Rural,Rural,Village,Agro-pastoral,29.33,No,0,0,0,1,0,0
ACF,Bakool,Elbarde,Qarin,Cluster 1,Haarcad,Participant Community,120,120,0,No,Rural,Rural,Rural,Village,Pastoralist,27.67,No,0,0,1,0,0,0
ACF,Bakool,Elbarde,Elbarde,section,Habow,Area Community,130,130,0,No,Rural,Rural,Rural,Village,Pastoralist,24.67,No,0,0,1,0,0,0
ACF,Bakool,Elbarde,Bay,Cluster 2,Higlowayn,Participant Community,130,130,0,No,Rural,Rural,Rural,Village,Agro-pastoral,27.33,No,0,0,0,1,0,0
ACF,Bakool,Elbarde,Qarin,Cluster 1,Lanbar,Participant Community,165,130,35,No,Rural,Rural,Rural,Village,Pastoralist,30.67,No,0,0,1,0,0,0
ACF,Bakool,Elbarde,Elbarde,section,Omar Sahil,Area Community,80,75,5,No,Rural,Rural,Rural,Village,Pastoralist,24,No,0,0,1,0,0,0
ACF,Bakool,Elbarde,Bay,Cluster 2,Quracjome,Participant Community,1050,900,150,No,Urban,Rural,Urban,Small town,Agro-pastoral,29.33,No,1,0,0,1,0,0
ACF,Bakool,Elbarde,Elbarde,section,Washaaqo,Area Community,800,650,150,No,Rural,Rural,Rural,Village,Agro-pastoral,25.67,No,0,0,0,1,0,0
ACF,Bakool,Elbarde,Qarin,Cluster 1,Xamudhgob,Participant Community,195,180,15,No,Rural,Rural,Rural,Village,Agro-pastoral,30.67,No,0,0,0,1,0,0
ACF,Bakool,Elbarde,Elbarde,section,Yeed Town,Area Community,2300,2000,300,No,Urban,Urban,Urban,Small town,Agro-pastoral,18.67,No,1,0,0,1,0,0
ACF,Bakool,Hudur,Hudur,Hudur,Buule,Area Community,228,195,33,No,Rural,Rural,Rural,Village,Agro-pastoral,36.33,No,0,0,0,1,0,0
ACF,Bakool,Hudur,Hudur,Cluster 1,Doonfuul,Participant Community,241,209,32,No,Rural,Rural,Rural,Village,Agro-pastoral,37,No,0,0,0,1,0,0
ACF,Bakool,Hudur,Hudur,Hudur,Fajer Bore,Area Community,308,267,41,No,Rural,Rural,Rural,Village,Agro-pastoral,33,No,0,0,0,1,0,0
ACF,Bakool,Hudur,Hudur,Cluster 2,Falanfaay,Participant Community,191,178,16,No,Rural,Rural,Rural,Village,Agro-pastoral,23.33,No,0,0,0,1,0,0
ACF,Bakool,Hudur,Hudur,Cluster 1,Gabiney,Participant Community,310,253,57,No,Rural,Rural,Rural,Village,Agro-pastoral,32.67,No,0,0,0,1,0,0
ACF,Bakool,Hudur,Hudur,Cluster 1,Gomore,Participant Community,234,,,No,Rural,Rural,Rural,Village,Agro-pastoral,31,No,0,0,0,1,0,0
ACF,Bakool,Hudur,Hudur,Cluster 2,Ilin,Participant Community,1305,1220,85,No,Rural,Rural,Rural,Village,Agro-pastoral,36.67,No,0,0,0,1,0,0
ACF,Bakool,Hudur,Hudur,Cluster 1,Korey,Participant Community,263,206,57,No,Rural,Rural,Rural,Village,Agro-pastoral,41.33,No,0,0,0,1,0,0
ACF,Bakool,Hudur,Hudur,Cluster 1,Kulunta,Participant Community,178,151,27,No,Rural,Rural,Rural,Village,Agro-pastoral,20.33,No,0,0,0,1,0,0
ACF,Bakool,Hudur,Hudur,Hudur,Lukuguurow,Area Community,181,150,31,No,Rural,Rural,Rural,Village,Agro-pastoral,33,No,0,0,0,1,0,0
ACF,Bakool,Hudur,Hudur,Cluster 2,Osbo Eli,Participant Community,152,147,15,No,Rural,Rural,Rural,Village,Agro-pastoral,22.67,No,0,0,0,1,0,0
ACF,Bakool,Hudur,Hudur,Hudur,Qurale,Area Community,1253,847,405,No,Urban,Rural,Urban,Small town,Urban,26.67,No,0,1,0,0,0,0
ACF,Bakool,Hudur,Hudur,Cluster 2,Shidle,Participant Community,275,251,24,No,Rural,Rural,Rural,Village,Agro-pastoral,22.33,No,0,0,0,1,0,0
ACF,Bakool,Hudur,Hudur,Cluster 1,Shiidalow,Participant Community,224,201,23,No,Rural,Rural,Rural,Village,Agro-pastoral,32,No,0,0,0,1,0,0
ACF,Bakool,Hudur,Hudur,Hudur,Shillow,Area Community,397,386,11,No,Rural,Rural,Rural,Village,Agro-pastoral,32.33,No,0,0,0,1,0,0
ACF,Bakool,Hudur,Hudur,Cluster 2,Tawakal,Participant Community,375,351,24,No,Rural,Rural,Rural,Village,Agro-pastoral,31.67,No,0,0,0,1,0,0
ACF,Bakool,Hudur,Hudur,Cluster 2,Tuboy,Participant Community,142,129,13,No,Rural,Rural,Rural,Village,Agro-pastoral,25,No,0,0,0,1,0,0
ACF,Bakool,Hudur,Hudur,Hudur,War Galole,Area Community,177,158,19,No,Rural,Rural,Rural,Village,Agro-pastoral,31,No,0,0,0,1,0,0
ACF,Bakool,Wajid,Wajid,Section,Afgoye,Area Community,50,50,0,No,Rural,Rural,Rural,Village,Agro-pastoral,26.33,No,0,0,0,1,0,0
ACF,Bakool,Wajid,Wajid,Section,Aliyow Madey,Area Community,54,54,0,No,Rural,Rural,Rural,Village,Agro-pastoral,23,No,0,0,0,1,0,0
ACF,Bakool,Wajid,Wajid,Cluster 2,Balowka,Participant Community,731,731,0,No,Rural,Rural,Rural,Village,Agro-pastoral,36,No,0,0,0,1,0,0
ACF,Bakool,Wajid,Wajid,Section,Bula Hassanow Madey,Area Community,49,49,0,No,Rural,Rural,Rural,Village,Agro-pastoral,25,No,0,0,0,1,0,0
ACF,Bakool,Wajid,Wajid,Cluster 2,Bula Kerow,Participant Community,85,85,0,No,Rural,Rural,Rural,Village,Agro-pastoral,37.67,No,0,0,0,1,0,0
ACF,Bakool,Wajid,Wajid,Section,Burjudle,Area Community,45,30,15,Yes,Rural,Rural,Rural,Village,Agro-pastoral,27.33,No,0,0,0,1,0,0
ACF,Bakool,Wajid,Wajid,Cluster 1,Buula Faash,Participant Community,57,57,0,No,Rural,Rural,Rural,Village,Agro-pastoral,37.67,No,0,0,0,1,0,0
ACF,Bakool,Wajid,Wajid,Cluster 2,Damey,Participant Community,29,29,0,No,Rural,Rural,Rural,Village,Agro-pastoral,34.67,No,0,0,0,1,0,0
ACF,Bakool,Wajid,Wajid,Cluster 1,Gabadegsoy,Participant Community,83,83,0,No,Rural,Rural,Rural,Village,Agro-pastoral,38.33,No,0,0,0,1,0,0
ACF,Bakool,Wajid,Wajid,Cluster 1,Garasmamow,Participant Community,84,84,0,No,Rural,Rural,Rural,Village,Agro-pastoral,35.33,No,0,0,0,1,0,0
ACF,Bakool,Wajid,Wajid,Cluster 2,Garsali,Participant Community,75,75,0,No,Rural,Rural,Rural,Village,Agro-pastoral,35.33,No,0,0,0,1,0,0
ACF,Bakool,Wajid,Wajid,Cluster 2,Guure,Participant Community,63,63,0,No,Rural,Rural,Rural,Village,Agro-pastoral,37.67,No,0,0,0,1,0,0
ACF,Bakool,Wajid,Wajid,Cluster 1,Hidig,Participant Community,5203,4103,1100,Yes,Urban,Urban,Urban,Small town,Agro-pastoral,39,No,1,0,0,1,0,0
ACF,Bakool,Wajid,Wajid,Cluster 2,Hudow,Participant Community,85,85,0,No,Rural,Rural,Rural,Village,Agro-pastoral,34.33,No,0,0,0,1,0,0
ACF,Bakool,Wajid,Wajid,Cluster 1,Kawo,Participant Community,55,55,0,No,Rural,Rural,Rural,Village,Agro-pastoral,38.67,No,0,0,0,1,0,0
ACF,Bakool,Wajid,Wajid,Cluster 1,Madfodey,Participant Community,91,91,0,No,Rural,Rural,Rural,Village,Agro-pastoral,37.33,No,0,0,0,1,0,0
ACF,Bakool,Wajid,Wajid,Section,Meegaagle,Area Community,59,59,0,No,Rural,Rural,Rural,Village,Agro-pastoral,27.33,No,0,0,0,1,0,0
ACF,Banadir,Kahda,Omar-fiasco,Cluster2 (Section3+4),Aalafuto,Participant Community,280,0,280,Yes,Urban,Rural,Urban,Small town,Urban,33,No,0,1,0,0,0,0
ACF,Banadir,Kahda,Omar-fiasco,(Section3+4),Alasuge,Area Community,353,0,353,Yes,Urban,Rural,Urban,Small town,Urban,18.33,No,0,1,0,0,0,0
ACF,Banadir,Kahda,Liqliqato,Cluster1 (Section1+2),Aligoley,Participant Community,1312,1134,178,No,Urban,Rural,Urban,Small town,Urban,30.33,No,0,1,0,0,0,0
ACF,Banadir,Kahda,Shimbirale,Cluster2 (Section3+4),Alkowsar,Participant Community,775,0,775,Yes,Urban,Rural,Urban,Small town,Urban,33.67,No,0,1,0,0,0,0
ACF,Banadir,Kahda,Omar-fiasco,(Section3+4),Bakar,Area Community,874,812,62,No,Urban,Rural,Urban,Small town,Urban,20.33,No,0,1,0,0,0,0
ACF,Banadir,Kahda,Shimbirale,Cluster2 (Section3+4),Banaaney Two,Participant Community,1248,0,1248,Yes,Urban,Rural,Urban,Small town,Urban,32.33,No,0,1,0,0,0,0
ACF,Banadir,Kahda,Abaadir,Cluster1 (Section1+2),Barkulanabaadir,Participant Community,1750,1714,36,No,Urban,Urban,Urban,Small town,Urban,31.67,No,0,1,0,0,0,0
ACF,Banadir,Kahda,Liqliqato,Section1+2,Barwaqo,Area Community,825,0,825,Yes,Urban,Rural,Urban,Small town,Urban,20.33,No,0,1,0,0,0,0
ACF,Banadir,Kahda,Liqliqato,Cluster1 (Section1+2),Bismilahi,Participant Community,746,0,746,Yes,Urban,Rural,Urban,Small town,Urban,31,No,0,1,0,0,0,0
ACF,Banadir,Kahda,Liqliqato,Section1+2,Degan,Area Community,685,0,685,Yes,Urban,Rural,Urban,Small town,Urban,18,No,0,1,0,0,0,0
ACF,Banadir,Kahda,Abaadir,Cluster1 (Section1+2),Dhakajo,Participant Community,1040,948,92,No,Urban,Rural,Urban,Small town,Urban,31.67,No,0,1,0,0,0,0
ACF,Banadir,Kahda,Shimbirale,Section3+4,Dugsilow,Area Community,275,0,275,Yes,Urban,Rural,Urban,Small town,Urban,17.67,No,0,1,0,0,0,0
ACF,Banadir,Kahda,Abaadir,Cluster1 (Section1+2),Farjanoabaadir,Participant Community,1225,864,29,No,Urban,Rural,Urban,Small town,Urban,33,No,0,1,0,0,0,0
ACF,Banadir,Kahda,Liqliqato,Cluster1 (Section1+2),Geedole,Participant Community,963,23,940,Yes,Urban,Rural,Urban,Small town,Urban,33.33,No,0,1,0,0,0,0
ACF,Banadir,Kahda,Liqliqato,Section1+2,Golweyn,Area Community,198,0,198,Yes,Urban,Rural,Urban,Small town,Urban,21,No,0,1,0,0,0,0
ACF,Banadir,Kahda,Shimbirale,Cluster2 (Section3+4),Gorgor,Participant Community,800,127,673,Yes,Urban,Rural,Urban,Small town,Urban,31.33,No,0,1,0,0,0,0
ACF,Banadir,Kahda,Liqliqato,Section1+2,Hagardiid,Area Community,149,0,149,Yes,Urban,Rural,Urban,Small town,Urban,18.67,No,0,1,0,0,0,0
ACF,Banadir,Kahda,Omar-fiasco,Cluster2 (Section3+4),Kaamil,Participant Community,1992,0,1992,Yes,Urban,Urban,Urban,Small town,Urban,34.67,No,0,1,0,0,0,0
ACF,Banadir,Kahda,Omar-fiasco,(Section3+4),Miskiinow,Area Community,134,0,134,Yes,Urban,Rural,Urban,Small town,Urban,18,No,0,1,0,0,0,0
ACF,Banadir,Kahda,Shimbirale,Section3+4,Muruqmal,Area Community,178,0,178,Yes,Urban,Rural,Urban,Small town,Urban,20,No,0,1,0,0,0,0
ACF,Banadir,Kahda,Omar-fiasco,(Section3+4),Rajowanaag,Area Community,250,0,250,Yes,Urban,Rural,Urban,Small town,Urban,22.33,No,0,1,0,0,0,0
ACF,Banadir,Kahda,Omar-fiasco,Cluster2 (Section3+4),Samadeq,Participant Community,1250,0,1250,Yes,Urban,Rural,Urban,Small town,Urban,34.33,No,0,1,0,0,0,0
ACF,Banadir,Kahda,Liqliqato,Section1+2,Sumayo,Area Community,172,0,172,Yes,Urban,Rural,Urban,Small town,Urban,19.67,No,0,1,0,0,0,0
ACF,Banadir,Kahda,Omar-fiasco,(Section3+4),Xoogyare,Area Community,169,0,169,Yes,Urban,Rural,Urban,Small town,Urban,23.33,No,0,1,0,0,0,0
CESVI,Hiraan,Beledweyne ,AF A011,Buulokaahin,Bullo Timire,Participant Community,171,171,0,No ,Rural,Rural,Rural,Village,Riverine,30,No,0,0,0,0,1,0
CESVI,Hiraan,Beledweyne ,AF A010,Doonraaxo,Burjada ,Participant Community,150,150,0,No ,Rural,Rural,Rural,Village,Agro-pastoral,30.3,No,0,0,0,1,0,0
CESVI,Hiraan,Beledweyne ,AF A010,Lebow,Buulo kaxareey,Participant Community,124,124,0,No ,Rural,Rural,Rural,Village,Riverine,27.7,No,0,0,0,0,1,0
CESVI,Hiraan,Beledweyne ,AF A011,Buulokaahin,Buulokaahin,Participant Community,130,130,0,No ,Rural,Rural,Rural,Village,Riverine,33.7,No,0,0,0,0,1,0
CESVI,Hiraan,Beledweyne ,AF A010,Lebow,Buulomaraay,Participant Community,40,40,0,No ,Rural,Rural,Rural,Village,Riverine,29.3,No,0,0,0,0,1,0
CESVI,Hiraan,Beledweyne ,AF A009,Doonraaxo,Cadiley,Participant Community,100,100,0,No ,Rural,Rural,Rural,Village,Agro-pastoral,48,No,0,0,0,1,0,0
CESVI,Hiraan,Beledweyne ,AF A009,Doonraaxo,Doonraaxo,Participant Community,158,158,0,No ,Rural,Rural,Rural,Village,Agro-pastoral,31,No,0,0,0,1,0,0
CESVI,Hiraan,Beledweyne ,AF A011,Buulokaahin,Garasgaab,Participant Community,90,90,0,No ,Rural,Rural,Rural,Village,Riverine,31,No,0,0,0,0,1,0
CESVI,Hiraan,Beledweyne ,AF A009,Doonraaxo,Kulanta,Participant Community,110,110,0,No ,Rural,Rural,Rural,Village,Agro-pastoral,27.7,No,0,0,0,1,0,0
CESVI,Hiraan,Beledweyne ,AF A010,Lebow,Lebow,Participant Community,470,470,0,No ,Rural,Rural,Rural,Village,Riverine,28.7,No,0,0,0,0,1,0
CESVI,Hiraan,Beledweyne ,AF A011,Buulokaahin,Lugbari ,Participant Community,70,70,0,No ,Rural,Rural,Rural,Village,Riverine,32,No,0,0,0,0,1,0
CESVI,Hiraan,Beledweyne ,AF A011,Buulokaahin,Shiimoow,Participant Community,230,230,0,No ,Rural,Rural,Rural,Village,Agro-pastoral,32,No,0,0,0,1,0,0
CESVI,Lower Shabelle ,Afgoye,AF A001,Jazeera,Abaay Dhaxan,Participant Community,200,200,0,No ,Urban ,Rural,Urban,Small town,Coastal Fishery ,25.3,No,1,0,0,0,0,1
CESVI,Lower Shabelle ,Afgoye,AF A002,Elasha,Arbacow,Participant Community,400,390,10,No ,Urban ,Rural,Urban,Small town,Urban,23,No,0,1,0,0,0,0
CESVI,Lower Shabelle ,Afgoye,AF A001,Jazeera,Buulo Calooleey,Participant Community,220,220,0,No ,Urban ,Rural,Urban,Small town,Urban,29,No,0,1,0,0,0,0
CESVI,Lower Shabelle ,Afgoye,AF A001,Jazeera,Ceel Dheer,Participant Community,195,195,0,No ,Urban ,Rural,Urban,Small town,Urban,23.3,No,0,1,0,0,0,0
CESVI,Lower Shabelle ,Afgoye,AF A001,Jazeera,Ceel Huur,Participant Community,400,400,0,No ,Urban ,Rural,Urban,Small town,Urban,31,No,0,1,0,0,0,0
CESVI,Lower Shabelle ,Afgoye,AF A002,Elasha,Elasha,Participant Community,790,640,150,No ,Urban ,Rural,Urban,Small town,Urban,22,No,0,1,0,0,0,0
CESVI,Lower Shabelle ,Afgoye,AF A002,Elasha,Jabad Gelle,Participant Community,500,485,15,No ,Urban ,Rural,Urban,Small town,Urban,23,No,0,1,0,0,0,0
CESVI,Lower Shabelle ,Afgoye,AF A001,Jazeera,Jazeera,Participant Community,908,908,0,No ,Urban ,Rural,Urban,Small town,Coastal Fishery ,23,No,1,0,0,0,0,1
CESVI,Lower Shabelle ,Afgoye,AF A002,Elasha,Midnimo,Participant Community,980,960,20,No ,Urban ,Rural,Urban,Small town,Urban,23,No,0,1,0,0,0,0
CESVI,Lower Shabelle ,Afgoye,AF A002,Elasha,Qoorsuul,Participant Community,900,880,20,No ,Urban ,Rural,Urban,Small town,Urban,21,No,0,1,0,0,0,0
CESVI,Mudug,Galkaayo,AF A006,Jilabe,Bandarseed ,Participant Community,1000,850,150,No ,Rural,Rural,Rural,Village,Pastoralist,33,No,0,0,1,0,0,0
CESVI,Mudug,Galkaayo,AF A005 ,Dagaari,Dagaari,Participant Community,670,650,20,No ,Rural,Rural,Rural,Village,Pastoralist,26.3,No,0,0,1,0,0,0
CESVI,Mudug,Galkaayo,AF A005 ,Dagaari,El aqwaan,Participant Community,420,360,60,No ,Rural,Rural,Rural,Village,Pastoralist,27,No,0,0,1,0,0,0
CESVI,Mudug,Galkaayo,AF A006,Jilabe,Jilabe,Participant Community,550,500,50,No ,Rural,Rural,Rural,Village,Pastoralist,29.3,No,0,0,1,0,0,0
CESVI,Mudug,Galkaayo,AF A006,Jilabe,Qarsoni ,Participant Community,330,250,80,No ,Rural,Rural,Rural,Village,Pastoralist,31.7,No,0,0,1,0,0,0
CESVI,Mudug,Hobyo,AF A004,Xerodhagahley,Afgaduudle,Participant Community,740,700,40,No ,Rural,Rural,Rural,Village,Pastoralist,31,Yes,0,0,1,0,0,0
CESVI,Mudug,Hobyo,AF A004,Xerodhagahley,Xaaro,Participant Community,900,800,100,No ,Rural,Rural,Rural,Village,Pastoralist,34,Yes,0,0,1,0,0,0
CESVI,Mudug,Hobyo,AF A004,Xerodhagahley,Xerodhagahley,Participant Community,5100,5000,100,No ,Urban,Urban,Urban,Small town,Pastoralist,33,Yes,0,0,1,0,0,0
CWW,Awdal,Borama,Quljeed,Quljeed,Abbase,Participant Community,200,200,0,No,Rural,Rural,Rural,Village,Agro-pastoral,28.7,No,0,0,0,1,0,0
CWW,Awdal,Borama,Quljeed,Quljeed,Cali-cadde,Area Community,100,100,0,No,Rural,Rural,Rural,Village,Agro-pastoral,23.7,No,0,0,0,1,0,0
CWW,Awdal,Borama,Quljeed,Quljeed,Carra-cad,Participant Community,368,350,18,No,Rural,Rural,Rural,Village,Agro-pastoral,29.7,No,0,0,0,1,0,0
CWW,Awdal,Borama,Quljeed,Quljeed,Ciye,Area Community,300,300,0,No,Rural,Rural,Rural,Village,Agro-pastoral,23.7,No,0,0,0,1,0,0
CWW,Awdal,Borama,Quljeed,Quljeed,Culaacule,Participant Community,200,200,0,No,Rural,Rural,Rural,Village,Agro-pastoral,30.7,No,0,0,0,1,0,0
CWW,Awdal,Borama,Quljeed,Quljeed,Dhidhid,Area Community,323,253,70,No,Rural,Rural,Rural,Village,Agro-pastoral,22.7,No,0,0,0,1,0,0
CWW,Awdal,Borama,Quljeed,Quljeed,Jirjir,Participant Community,352,350,2,No,Rural,Rural,Rural,Village,Agriculture,25.7,No,0,0,0,1,0,0
CWW,Awdal,Borama,Quljeed,Quljeed,Maraaley,Area Community,400,400,0,No,Rural,Rural,Rural,Village,Agriculture,22.7,No,0,0,0,1,0,0
CWW,Awdal,Borama,Quljeed,Quljeed,Okholale,Area Community,80,75,5,No,Rural,Rural,Rural,Village,Agro-pastoral,24.7,No,0,0,0,1,0,0
CWW,Awdal,Borama,Quljeed,Quljeed,Qolqol,Participant Community,207,200,7,No,Rural,Rural,Rural,Village,Agro-pastoral,27.7,No,0,0,0,1,0,0
CWW,Awdal,Borama,Quljeed,Quljeed,Quljeed,Area Community,815,625,190,No,Rural,Rural,Rural,Village,Agro-pastoral,11,No,0,0,0,1,0,0
CWW,Awdal,Borama,Quljeed,Quljeed,Sheikh Huways,Area Community,220,200,20,No,Rural,Rural,Rural,Village,Agro-pastoral,20.7,No,0,0,0,1,0,0
CWW,Banadir,Bondhere,Nasiib Buundo,Not applicable yet,Kutuboqaad,Participant Community,750,750,0,No,Urban,Rural,Urban,Capital,Urban,23.7,Yes,0,1,0,0,0,0
CWW,Banadir,Bondhere,Nasiib Buundo,Not applicable yet,Umulqura,Area Community,800,800,0,No,Urban,Rural,Urban,Capital,Urban,21.7,Yes,0,1,0,0,0,0
CWW,Banadir,Karaan,Nageyle,Not applicable yet,Buulo Eyle,Participant Community,2400,2400,0,No,Urban,Urban,Urban,Capital,Urban,27,No,0,1,0,0,0,0
CWW,Banadir,Karaan,Fanoole,Not applicable yet,Dayah,Area Community,1145,1145,0,No,Urban,Rural,Urban,Capital,Urban,25,No,0,1,0,0,0,0
CWW,Banadir,Karaan,Fanoole,Not applicable yet,Godey,Area Community,1200,1200,0,No,Urban,Rural,Urban,Capital,Urban,26.67,No,0,1,0,0,0,0
CWW,Banadir,Karaan,Fanoole,Not applicable yet,Mahmoud Ahmed Ali,Area Community,1385,1385,0,No,Urban,Rural,Urban,Capital,Urban,25,Yes,0,1,0,0,0,0
CWW,Banadir,Wadajir,Obosiba Halane,Not applicable yet,Gaheyr,Participant Community,1950,1912,38,No,Urban,Urban,Urban,Capital,Urban,25,No,0,1,0,0,0,0
CWW,Banadir,Wadajir,Obosiba Halane,Not applicable yet,Gololeey,Area Community,1671,1671,0,No,Urban,Urban,Urban,Capital,Urban,24,Yes,0,1,0,0,0,0
CWW,Banadir,Yaqshid,Heegan,Not applicable yet,Dalxiis,Area Community,1500,1500,0,No,Urban,Rural,Urban,Capital,Urban,24,No,0,1,0,0,0,0
CWW,Banadir,Yaqshid,Heegan,Not applicable yet,Sahan,Participant Community,2100,2100,0,No,Urban,Urban,Urban,Capital,Urban,24,No,0,1,0,0,0,0
CWW,Gedo,Bardera,Bardera,Barderea Riverine Cluster1,Bandar,Participant Community,666,666,0,No,Rural,Rural,Rural,Village,Riverine,33.33,No,0,0,0,0,1,0
CWW,Gedo,Bardera,Bardera,Barderea Riverine Cluster1,Benlaodey,Area Community,255,215,40,No,Rural,Rural,Rural,Village,Riverine,32.67,No,0,0,0,1,1,0
CWW,Gedo,Bardera,Bardera,Barderea Riverine Cluster1,Bulloasharaf,Area Community,193,193,0,No,Rural,Rural,Rural,Village,Riverine,30,No,0,0,0,1,1,0
CWW,Gedo,Bardera,Bardera,Barderea Riverine Cluster1,Bullogaras,Participant Community,230,200,30,No,Rural,Rural,Rural,Village,Riverine,30,No,0,0,0,1,1,0
CWW,Gedo,Bardera,Bardera,Barderea Riverine Cluster1,Bulo Adey,Participant Community,306,306,0,No,Rural,Rural,Rural,Village,Riverine,32.33,No,0,0,0,0,1,0
CWW,Gedo,Bardera,Bardera,Barderea Riverine Cluster1,Bulo Amin,Area Community,443,433,10,No,Rural,Rural,Rural,Village,Riverine,35.33,No,0,0,0,0,1,0
CWW,Gedo,Bardera,Bardera,Barderea Riverine Cluster1,Buulo Gadud,Area Community,468,463,5,No,Rural,Rural,Rural,Village,Riverine,35.33,No,0,0,0,0,1,0
CWW,Gedo,Bardera,Bardera,Barderea Riverine Cluster1,Helloshiid,Participant Community,310,283,27,No,Rural,Rural,Rural,Village,Riverine,32.67,No,0,0,0,1,1,0
CWW,Gedo,Bardera,Bardera,Barderea Riverine Cluster1,Hurena,Participant Community,325,300,25,No,Rural,Rural,Rural,Village,Agro-pastoral,33.33,No,0,0,0,1,0,0
CWW,Gedo,Bardera,Bardera,Barderea Riverine Cluster1,Sarinley,Area Community,590,590,0,No,Rural,Rural,Rural,Village,Riverine,30.33,No,0,0,0,0,1,0
CWW,Gedo,Bardera,Bardera,Barderea Riverine Cluster1,Shimbiroole east,Area Community,411,411,0,No,Rural,Rural,Rural,Village,Riverine,32.33,No,0,0,0,0,1,0
CWW,Gedo,Bardera,Bardera,Barderea Riverine Cluster1,Shimbiroole West,Participant Community,456,453,3,No,Rural,Rural,Rural,Village,Riverine,33.33,No,0,0,0,0,1,0
CWW,Gedo,Belet-Hawa,Belet-Hawa,Belet-Hawa East,Alangu,Area Community,240,185,55,No,Rural,Rural,Rural,Village,Pastoralist,34.67,No,0,0,1,0,0,0
CWW,Gedo,Belet-Hawa,Belet-Hawa,Belet-Hawa East,Alla Amin,Participant Community,290,200,90,No,Rural,Rural,Rural,Village,Pastoralist,34.33,No,0,0,1,0,0,0
CWW,Gedo,Belet-Hawa,Belet-Hawa,Belet-Hawa East,Arabo,Area Community,350,300,50,No,Rural,Rural,Rural,Village,Agro-pastoral,25.67,No,0,0,0,1,0,0
CWW,Gedo,Belet-Hawa,Belet-Hawa,Belet-Hawa North,Balet Hawa Town,Area Community,1000,1000,0,No,Urban,Rural,Urban,District capital,Urban,28,Yes,0,1,0,0,0,0
CWW,Gedo,Belet-Hawa,Belet-Hawa,Belet-Hawa North.,Gawiido,Area Community,587,467,120,No,Rural,Rural,Rural,Village,Riverine,10.67,Yes,0,0,0,0,1,0
CWW,Gedo,Belet-Hawa,Belet-Hawa,Belet-Hawa East,Haji Garas,Participant Community,215,180,35,No,Rural,Rural,Rural,Village,Agro-pastoral,34.67,No,0,0,0,1,0,0
CWW,Gedo,Belet-Hawa,Belet-Hawa,Belet-Hawa East,Iidan,Participant Community,265,200,65,No,Rural,Rural,Rural,Village,Pastoralist,35.33,No,0,0,1,0,0,0
CWW,Gedo,Belet-Hawa,Belet-Hawa,Belet-Hawa North.,Labicad,Participant Community,170,140,30,No,Rural,Rural,Rural,Village,Pastoralist,31.67,No,0,0,1,0,0,0
CWW,Gedo,Belet-Hawa,Belet-Hawa,Belet-Hawa East,Loleys,Area Community,315,315,0,No,Rural,Rural,Rural,Village,Pastoralist,30.67,No,0,0,1,0,0,0
CWW,Gedo,Belet-Hawa,Belet-Hawa,Belet-Hawa North.,Malkariyey,Area Community,413,350,63,No,Rural,Rural,Rural,Village,Riverine,11.67,Yes,0,0,0,0,1,0
CWW,Gedo,Belet-Hawa,Belet-Hawa,Belet-Hawa East,Najah,Area Community,234,180,54,No,Rural,Rural,Rural,Village,Pastoralist,30.67,No,0,0,1,0,0,0
CWW,Gedo,Belet-Hawa,Belet-Hawa,Belet-Hawa North,Oda,Area Community,378,336,42,No,Rural,Rural,Rural,Village,Riverine,29.33,No,0,0,0,0,1,0
CWW,Gedo,Belet-Hawa,Belet-Hawa,Belet-Hawa East,Qansaxley,Area Community,235,205,30,No,Rural,Rural,Rural,Village,Agro-pastoral,28.33,No,0,0,0,1,0,0
CWW,Gedo,Belet-Hawa,Belet-Hawa,Belet-Hawa East,Qaranri,Participant Community,345,265,80,No,Rural,Rural,Rural,Village,Agro-pastoral,31.67,No,0,0,0,1,0,0
CWW,Gedo,Belet-Hawa,Belet-Hawa,Belet-Hawa North,Tula Amin,Participant Community,1287,850,437,No,Urban,Rural,Urban,Small town,Riverine,30,No,1,1,0,0,1,0
CWW,Gedo,Belet-Hawa,Belet-Hawa,Belet-Hawa North,Unsi,Participant Community,510,350,160,No,Rural,Rural,Rural,Village,Riverine,34,No,0,0,0,0,1,0
CWW,Lower Shabelle,Afgoye,Afgoye West,"21, October",Baalguri,Area Community,620,558,62,No,Rural,Rural,Rural,Village,Riverine,25,No,0,0,0,0,1,0
CWW,Lower Shabelle,Afgoye,Afgoye West,Siigaale,Daaf Aarey,Area Community,225,150,75,No,Rural,Rural,Rural,Village,Riverine,20,No,0,0,0,0,1,0
CWW,Lower Shabelle,Afgoye,Afgoye West,Siigaale,Doodaaye,Area Community,300,200,100,No,Rural,Rural,Rural,Village,Riverine,25.67,No,0,0,0,0,1,0
CWW,Lower Shabelle,Afgoye,Afgoye West,Gurdaan,Doon Dheere,Area Community,1450,1285,165,No,Rural,Rural,Rural,Village,Agro-pastoral,35.67,No,0,0,0,1,0,0
CWW,Lower Shabelle,Afgoye,Afgoye West,"21, October",Godeey,Area Community,310,285,25,No,Rural,Rural,Rural,Village,Riverine,27.67,No,0,0,0,0,1,0
CWW,Lower Shabelle,Afgoye,Afgoye West,Gurdaan,Gurdaan,Participant Community,515,490,25,No,Rural,Rural,Rural,Village,Agro-pastoral,30,No,0,0,0,1,0,0
CWW,Lower Shabelle,Afgoye,Afgoye West,Siigaale,Hilowley,Area Community,590,400,190,No,Rural,Rural,Rural,Village,Riverine,24.67,No,0,0,0,0,1,0
CWW,Lower Shabelle,Afgoye,Afgoye West,"21, October",Luuqa,Area Community,243,203,40,No,Rural,Rural,Rural,Village,Riverine,26,No,0,0,0,0,1,0
CWW,Lower Shabelle,Afgoye,Afgoye West,"21, October",Raqeyle,Area Community,220,190,30,No,Rural,Rural,Rural,Village,Riverine,27.67,No,0,0,0,0,1,0
CWW,Lower Shabelle,Afgoye,Afgoye West,"21, October",Siigaale,Area Community,422,342,80,No,Rural,Rural,Rural,Village,Riverine,25.33,No,0,0,0,0,1,0
CWW,Lower Shabelle,Afgoye,Afgoye West,Gurdaan,Tixsiile,Participant Community,510,477,33,No,Rural,Rural,Rural,Village,Agro-pastoral,39.33,No,0,0,0,1,0,0
CWW,Lower Shabelle,Afgoye,Afgoye West,Gurdaan,Waayeel Diinle,Participant Community,250,230,20,No,Rural,Rural,Rural,Village,Agro-pastoral,36,No,0,0,0,1,0,0
CWW,Lower Shabelle,Afgoye,Afgoye West,Gurdaan,Wala Daye,Participant Community,215,203,12,No,Rural,Rural,Rural,Village,Agro-pastoral,36,No,0,0,0,1,0,0
CWW,Lower Shabelle,Afgoye,Afgoye West,Gurdaan,Wargobleey,Participant Community,220,208,12,No,Rural,Rural,Rural,Village,Agro-pastoral,35.33,No,0,0,0,1,0,0
CWW,Lower Shabelle,Afgoye,Afgoye,Gurdaan,Warmahan Afgoyeside,Participant Community,600,540,60,No,Urban,Rural,Urban,Small town,Agro-pastoral,17.33,No,1,0,0,1,0,0
CWW,Lower Shabelle,Wanlaweyn,Wanlaweyn East,Tabeelaha,Aqal Gubaay,Participant Community,250,250,0,No,Rural,Rural,Rural,Village,Agro-pastoral,31,No,0,0,0,1,0,0
CWW,Lower Shabelle,Wanlaweyn,Wanlaweyn East,Waaberi,Awjiirow,Area Community,250,230,20,No,Rural,Rural,Rural,Village,Agro-pastoral,20.67,No,0,1,0,1,0,0
CWW,Lower Shabelle,Wanlaweyn,Wanlaweyn East,Tabeelaha,Bocoreey,Participant Community,230,230,0,No,Rural,Rural,Rural,Village,Agro-pastoral,25.67,No,0,0,0,1,0,0
CWW,Lower Shabelle,Wanlaweyn,Wanlaweyn East,Tabeelaha,Buulo Abtiile,Participant Community,245,245,0,No,Rural,Rural,Rural,Village,Agro-pastoral,30,No,0,0,0,1,0,0
CWW,Lower Shabelle,Wanlaweyn,Wanlaweyn East,Warmahan,Buuloxanshi,Area Community,200,200,0,No,Rural,Rural,Rural,Village,Agro-pastoral,24.33,No,0,0,0,1,0,0
CWW,Lower Shabelle,Wanlaweyn,Wanlaweyn East,Waaberi,Caanoole,Area Community,210,210,0,No,Rural,Rural,Rural,Village,Agro-pastoral,23,No,0,1,0,1,0,0
CWW,Lower Shabelle,Wanlaweyn,Wanlaweyn East,Warmahan,Caliceeymooy,Area Community,275,275,0,No,Rural,Rural,Rural,Village,Agro-pastoral,28,No,0,0,0,1,0,0
CWW,Lower Shabelle,Wanlaweyn,Wanlaweyn East,Warmahan,Garasqalooc,Area Community,310,290,20,No,Rural,Rural,Rural,Village,Agro-pastoral,28,No,0,0,0,1,0,0
CWW,Lower Shabelle,Wanlaweyn,Wanlaweyn East,Warmahan,Keysaneey,Area Community,210,190,20,No,Rural,Rural,Rural,Village,Agro-pastoral,24.67,No,0,0,0,1,0,0
CWW,Lower Shabelle,Wanlaweyn,Wanlaweyn East,Waaberi,Lafoole,Area Community,170,140,30,No,Rural,Rural,Rural,Village,Agro-pastoral,22,No,0,1,0,1,0,0
CWW,Lower Shabelle,Wanlaweyn,Wanlaweyn East,Waaberi,Lalman,Area Community,240,200,40,No,Rural,Rural,Rural,Village,Agro-pastoral,24,No,0,1,0,1,0,0
CWW,Lower Shabelle,Wanlaweyn,Wanlaweyn East,Waaberi,Maynuun,Area Community,400,380,20,No,Rural,Rural,Rural,Village,Agro-pastoral,20.33,No,0,1,0,1,0,0
CWW,Lower Shabelle,Wanlaweyn,Wanlaweyn East,Tabeelaha,Sagaaroole,Participant Community,280,220,60,No,Rural,Rural,Rural,Village,Agro-pastoral,33,No,0,0,0,1,0,0
CWW,Lower Shabelle,Wanlaweyn,Wanlaweyn East,Tabeelaha,Tabeelaha,Participant Community,360,348,12,No,Rural,Rural,Rural,Village,Agro-pastoral,24.33,No,0,0,0,1,0,0
CWW,Lower Shabelle,Wanlaweyn,Wanlaweyn East,Waaberi,Waaberi,Area Community,350,300,50,No,Rural,Rural,Rural,Village,Agro-pastoral,20.33,No,0,1,0,1,0,0
CWW,Lower Shabelle,Wanlaweyn,Wanlaweyn East,Warmahan,Warmahan Wanlaweyn Side,Area Community,1025,925,100,No,Urban,Rural,Urban,Small town,Agro-pastoral,19.33,No,1,0,0,1,0,0
CWW,Lower Shabelle,Wanlaweyn,Wanlaweyn East,Tabeelaha,Yaaqdhuub,Participant Community,225,225,0,No,Rural,Rural,Rural,Village,Agro-pastoral,25,No,0,0,0,1,0,0
IRC,Banadir,Karaan,Jabuti,Jabuti,Cadceed,Participant Community,880,800,80,No,Urban,Rural,Urban,Capital,Urban,23.33,No,0,1,0,0,0,0
IRC,Banadir,Karaan,Jabuti,Jabuti,Danan,Area Community,820,700,120,No,Urban,Rural,Urban,Capital,Urban,17.33,Yes,0,1,0,0,0,0
IRC,Banadir,Karaan,Jabuti,Jabuti,Dirir,Participant Community,950,850,100,No,Urban,Rural,Urban,Capital,Urban,22.33,No,0,1,0,0,0,0
IRC,Banadir,Karaan,Jabuti,Jabuti,Onkod,Area Community,680,600,80,No,Urban,Rural,Urban,Capital,Urban,17.33,Yes,0,1,0,0,0,0
IRC,Galgaduud,Adaado,Adaado 01,NA,Bakin,Participant Community,4337,3870,467,No,Urban,Urban,Urban,Small town,Urban,19,No,0,1,0,0,0,0
IRC,Galgaduud,Adaado,Adaado1,NA,Bendharte,Area Community,270,200,70,No,Rural,Rural,Rural,Village,Pastoralist,37,No,0,0,1,0,0,0
IRC,Galgaduud,Adaado,Adaado1,NA,Biyagaduud,Area Community,1550,1200,350,No,Rural,Urban,Urban,Village,Pastoralist,22,No,0,0,1,0,0,0
IRC,Galgaduud,Adaado,Adaado1,NA,Dhumodle,Area Community,170,110,60,No,Rural,Rural,Rural,Village,Pastoralist,35.67,No,0,0,1,0,0,0
IRC,Galgaduud,Adaado,Adaado 02,NA,Docoley,Participant Community,630,630,0,No,Rural,Rural,Rural,Village,Pastoralist,27,No,0,0,1,0,0,0
IRC,Galgaduud,Adaado,Adaado1,NA,Galbed,Participant Community,2910,2508,402,No,Urban,Urban,Urban,Small town,Urban,20.33,Yes,0,1,0,0,0,0
IRC,Galgaduud,Adaado,Adaado 02,NA,Gidheys,Participant Community,970,850,120,No,Rural,Rural,Rural,Village,Pastoralist,27,No,0,0,1,0,0,0
IRC,Galgaduud,Adaado,Idole,Adado cluster,Idole,Area Community,425,415,10,No,Rural,Rural,Rural,Village,Pastoralist,34.33,No,0,0,1,0,0,0
IRC,Galgaduud,Adaado,Adaado 01,NA,Karama,Participant Community,1960,1573,387,No,Urban,Urban,Urban,Small town,Urban,19,No,0,1,0,0,0,0
IRC,Galgaduud,Adaado,keen,Adado cluster,Keen,Area Community,450,300,150,No,Rural,Rural,Rural,Village,Pastoralist,30,No,0,0,1,0,0,0
IRC,Galgaduud,Adaado,Qansaxley,NA,Qansaxley,Area Community,330,300,30,No,Rural,Rural,Rural,Village,Pastoralist,35,No,0,0,1,0,0,0
IRC,Galgaduud,Adaado,Adaado 01,NA,Waberi,Participant Community,7424,6854,570,No,Urban,Urban,Urban,Small town,Urban,19.67,No,0,1,0,0,0,0
IRC,Galgaduud,Adaado,Xanjobarde,NA,Xanjobarde,Area Community,150,120,30,No,Rural,Rural,Rural,Village,Pastoralist,35.33,No,0,0,1,0,0,0
IRC,Galgaduud,Dhusamareb,Dhusamareb1,NA,Afweyne Banan,Area Community,175,160,15,No,Rural,Rural,Rural,Village,Pastoralist,31.33,No,0,0,1,0,0,0
IRC,Galgaduud,Dhusamareb,Dhusamareb 01,NA,Baliad,Participant Community,350,300,50,No,Rural,Rural,Rural,Village,Pastoralist,30.67,No,0,0,1,0,0,0
IRC,Galgaduud,Dhusamareb,Dhusamareb1,NA,Beer Abdi Farah,Area Community,180,160,20,No,Rural,Rural,Rural,Village,Pastoralist,36,No,0,0,1,0,0,0
IRC,Galgaduud,Dhusamareb,Dhusamareb1,NA,Bohol,Area Community,190,170,20,No,Rural,Rural,Rural,Village,Pastoralist,30.33,No,0,0,1,0,0,0
IRC,Galgaduud,Dhusamareb,Dhusamareb 01,NA,Dayah,Participant Community,4000,3000,1000,No,Urban,Urban,Urban,District capital,Urban,23.67,No,0,1,0,0,0,0
IRC,Galgaduud,Dhusamareb,Dhusamareb 01,NA,Dumaaye,Participant Community,260,260,0,No,Rural,Rural,Rural,Village,Pastoralist,30.67,No,0,0,1,0,0,0
IRC,Galgaduud,Dhusamareb,Dhusamareb1,NA,Faragoy,Area Community,170,160,10,No,Rural,Rural,Rural,Village,Pastoralist,34,No,0,0,1,0,0,0
IRC,Galgaduud,Dhusamareb,Dhusamareb1,NA,Godon,Area Community,930,900,30,No,Rural,Rural,Rural,Village,Pastoralist,27.67,No,0,0,1,0,0,0
IRC,Galgaduud,Dhusamareb,Dhusamareb1,NA,Haadfuul,Area Community,155,145,10,No,Rural,Rural,Rural,Village,Pastoralist,29,No,0,0,1,0,0,0
IRC,Galgaduud,Dhusamareb,Dhusamareb1,NA,Higlale,Area Community,160,150,10,No,Rural,Rural,Rural,Village,Pastoralist,29.67,No,0,0,1,0,0,0
IRC,Galgaduud,Dhusamareb,Dhusamareb 01,NA,Horseed,Participant Community,1260,800,460,No,Urban,Rural,Urban,District capital,Urban,20,No,0,1,0,0,0,0
IRC,Galgaduud,Dhusamareb,Dhusamareb1,NA,Laasxadow,Area Community,145,130,15,No,Rural,Rural,Rural,Village,Pastoralist,31.67,No,0,0,1,0,0,0
IRC,Galgaduud,Dhusamareb,Dhusamareb 01,NA,Olol,Participant Community,320,270,50,No,Rural,Rural,Rural,Village,Pastoralist,28.67,No,0,0,1,0,0,0
IRC,Galgaduud,Dhusamareb,Dhusamareb 01,NA,Waberi,Participant Community,2100,1500,600,No,Urban,Urban,Urban,District capital,Urban,21,No,0,1,0,0,0,0
IRC,Galgaduud,Dhusamareb,Dhusamareb 01,NA,Waharadde,Participant Community,1704,982,722,No,Urban,Urban,Urban,District capital,Pastoralist,22,No,1,0,1,0,0,0
IRC,Galgaduud,Dhusamareb,Dhusamareb1,NA,Xundhure,Area Community,170,150,20,No,Rural,Rural,Rural,Village,Pastoralist,27,No,0,0,1,0,0,0
IRC,Mudug,Galdogob,Galdogob1,NA,Axmedkhayr,Area Community,50,50,0,No,Rural,Rural,Rural,Village,Pastoralist,37,No,0,0,1,0,0,0
IRC,Mudug,Galdogob,Galdogob A001,NA,Bursalax,Participant Community,8610,8000,610,No,Urban,Urban,Urban,Small town,Urban,23.67,No,0,1,0,0,0,0
IRC,Mudug,Galdogob,Galdogob1,NA,Daarasalaam,Area Community,600,500,100,No,Urban,Rural,Urban,Small town,Urban,37,No,0,1,0,0,0,0
IRC,Mudug,Galdogob,Galdogob A001,NA,Hawlwadag,Participant Community,1500,1000,500,No,Urban,Rural,Urban,Small town,Urban,24,No,0,1,0,0,0,0
IRC,Mudug,Galdogob,Galdogob A001,NA,Horseed,Participant Community,1260,1200,60,No,Urban,Rural,Urban,Small town,Urban,22.67,No,0,1,0,0,0,0
IRC,Mudug,Galdogob,Galdogob1,NA,Isqanbuus,Area Community,50,50,0,No,Rural,Rural,Rural,Village,Pastoralist,36.67,No,0,0,1,0,0,0
IRC,Mudug,Galdogob,Galdogob1,NA,Jeexo,Area Community,60,60,0,No,Rural,Rural,Rural,Village,Pastoralist,37.33,No,0,0,1,0,0,0
IRC,Mudug,Galdogob,Galdogob A001,NA,Qansaxley,Participant Community,300,200,100,No,Rural,Rural,Rural,Village,Pastoralist,24.33,No,0,0,1,0,0,0
IRC,Mudug,Galdogob,Galdogob1,NA,Riigomane,Area Community,280,280,0,No,Rural,Rural,Rural,Village,Pastoralist,36.67,No,0,0,1,0,0,0
IRC,Mudug,Galdogob,Galdogob A001,NA,Sayidka,Participant Community,1500,1300,200,No,Urban,Rural,Urban,Small town,Urban,25.33,No,0,1,0,0,0,0
IRC,Mudug,Galdogob,Galdogob A001,NA,Waaberi,Participant Community,350,1200,600,No,Urban,Rural,Urban,Small town,Urban,23.67,No,0,1,0,0,0,0
IRC,Mudug,Galdogob,Galdogob A001,NA,Xirojaale,Participant Community,350,350,0,No,Rural,Rural,Rural,Village,Pastoralist,29,No,0,0,1,0,0,0
IRC,Mudug,Galkaayo,Galkacyo South,NA,Bandarqaali,Participant Community,630,600,30,No,Rural,Rural,Rural,Village,Pastoralist,25,Yes,0,0,1,0,0,0
IRC,Mudug,Galkaayo,Galkacyo South,NA,Bitaale,Participant Community,700,600,100,No,Rural,Rural,Rural,Village,Pastoralist,25,Yes,0,0,1,0,0,0
IRC,Mudug,Galkaayo,Galkacyo South,NA,Dawaaf,Area Community,240,210,30,No,Rural,Rural,Rural,Village,Pastoralist,28,No,0,0,1,0,0,0
IRC,Mudug,Galkaayo,Galkacyo South,NA,Docolefarale Carfuuda,Participant Community,565,370,195,No,Rural,Rural,Rural,Village,Pastoralist,29.67,No,0,0,1,0,0,0
IRC,Mudug,Galkaayo,Galkacyo South,NA,Kalcad,Area Community,265,250,15,No,Rural,Rural,Rural,Village,Pastoralist,28,No,0,0,1,0,0,0
IRC,Mudug,Galkaayo,Galkacyo South,NA,Qarqora,Participant Community,155,120,35,No,Rural,Rural,Rural,Village,Pastoralist,25.67,No,0,0,1,0,0,0
IRC,Mudug,Galkaayo,Galkacyo South,NA,Rasan,Area Community,170,110,60,No,Rural,Rural,Rural,Village,Pastoralist,28,No,0,0,1,0,0,0
IRC,Mudug,Galkaayo,Galkacyo South,NA,Xinduugan,Area Community,90,80,10,No,Rural,Rural,Rural,Village,Pastoralist,30,No,0,0,1,0,0,0
IRC,Nugaal,Burtinle,Burtinle1,NA,Balidacar,Area Community,60,40,20,No,Rural,Rural,Rural,Village,Pastoralist,33.67,No,0,0,1,0,0,0
IRC,Nugaal,Burtinle,Burtinle1,NA,Birricad,Area Community,100,50,50,No,Rural,Rural,Rural,Village,Pastoralist,28.33,No,0,0,1,0,0,0
IRC,Nugaal,Burtinle,Burtinle1,NA,Ceelwayne,Area Community,225,40,20,No,Rural,Rural,Rural,Village,Pastoralist,36.33,No,0,0,1,0,0,0
IRC,Nugaal,Burtinle,Burtinle A001,NA,Faratooyo,Participant Community,350,300,50,No,Rural,Rural,Rural,Village,Pastoralist,27,No,0,0,1,0,0,0
IRC,Nugaal,Burtinle,Burtinle1,NA,Farjanno,Area Community,280,60,40,No,Rural,Rural,Rural,Village,Pastoralist,22.33,No,0,0,1,0,0,0
IRC,Nugaal,Burtinle,Burtinle A001,NA,Godobyar,Participant Community,500,400,150,No,Rural,Rural,Rural,Village,Pastoralist,32.33,No,0,0,1,0,0,0
IRC,Nugaal,Burtinle,Burtinle A001,NA,Hawlwadag,Participant Community,3602,3400,202,No,Urban,Urban,Urban,Small town,Urban,27.67,No,0,1,0,0,0,0
IRC,Nugaal,Burtinle,Burtinle A001,NA,Hormar,Participant Community,1000,600,400,No,Urban,Rural,Urban,Small town,Urban,23.67,No,0,1,0,0,0,0
IRC,Nugaal,Burtinle,Burtinle A001,NA,Israac,Participant Community,1200,900,300,No,Urban,Rural,Urban,Small town,Urban,25.67,No,0,1,0,0,0,0
IRC,Nugaal,Burtinle,Burtinle1,NA,Jalam,Area Community,550,500,50,No,Rural,Rural,Rural,Village,Pastoralist,26.67,No,0,0,1,0,0,0
IRC,Nugaal,Burtinle,Burtinle1,NA,Koryaal,Area Community,105,75,30,No,Rural,Rural,Rural,Village,Pastoralist,35.33,No,0,0,1,0,0,0
IRC,Nugaal,Burtinle,Burtinle1,NA,Lacle,Area Community,150,110,40,No,Rural,Rural,Rural,Village,Pastoralist,36.33,No,0,0,1,0,0,0
IRC,Nugaal,Burtinle,Burtinle A001,NA,Wadajir,Participant Community,2400,2000,400,No,Urban,Urban,Urban,Small town,Urban,26.67,No,0,1,0,0,0,0
IRC,Nugaal,Burtinle,Burtinle A001,NA,Xarxaar,Participant Community,500,300,200,No,Rural,Rural,Rural,Village,Pastoralist,25,No,0,0,1,0,0,0
NRC,Banadir,Hamarwen,Hamarwen,Hamarwen,Gubanimo,Participant Community,750,375,375,No,Urban,Rural,Urban,Capital,Coastal Fishery ,21,No,1,0,0,0,0,1
NRC,Banadir,Hamarwen,Hamarwen,Hamarwen,Hilaac,Participant Community,1090,600,490,Yes,Urban,Rural,Urban,Capital,Coastal Fishery ,24.33,Yes,1,0,0,0,0,1
NRC,Banadir,Hamarwen,Hamarwen,Hamarwen,Horseed,Participant Community,1040,1040,1040,No,Urban,Rural,Urban,Capital,Coastal Fishery ,24,Yes,1,0,0,0,0,1
NRC,Banadir,Hamarwen,Hamarwen,Hamarwen,Kacaan,Participant Community,1040,640,400,Yes,Urban,Rural,Urban,Capital,Coastal Fishery ,23.33,No,1,0,0,0,0,1
NRC,Bay,Baidoa,Baidoa,Baidoa,Berdaale Village,Area Community,14500,7250,7250,No,Urban,Urban,Urban,District capital,Urban,21.33,Yes,0,1,0,0,0,0
NRC,Bay,Baidoa,Baidoa,Baidoa,Bonkai,Participant Community,315,265,50,No,Rural,Rural,Rural,Village,Agro-pastoral,34,Yes,0,0,0,1,0,0
NRC,Bay,Baidoa,Baidoa,Baidoa,Boqol Itir,Participant Community,100,100,0,No,Rural,Rural,Rural,Village,Agro-pastoral,40.33,No,0,0,0,1,0,0
NRC,Bay,Baidoa,Baidoa,Baidoa,Bulojay,Area Community,200,200,0,No,Rural,Rural,Rural,Village,Agro-pastoral,32,No,0,0,0,1,0,0
NRC,Bay,Baidoa,Baidoa,Baidoa,Howlwadaag Village,Area Community,18275,9138,9137,No,Urban,Urban,Urban,District capital,Urban,21.33,Yes,0,1,0,0,0,0
NRC,Bay,Baidoa,Baidoa,Baidoa,Isha Village,Participant Community,6725,2017,4708,No,Urban,Urban,Urban,District capital,Agro-pastoral,30,No,1,1,0,1,0,0
NRC,Bay,Baidoa,Baidoa,Baidoa,Jiidow,Area Community,90,90,0,No,Rural,Rural,Rural,Village,Agro-pastoral,33,No,0,0,0,1,0,0
NRC,Bay,Baidoa,Baidoa,Baidoa,Lawile Awgal,Area Community,125,125,0,No,Rural,Rural,Rural,Village,Agro-pastoral,32,No,0,0,0,1,0,0
NRC,Bay,Baidoa,Baidoa,Baidoa,Lawile Iikow,Area Community,159,159,0,No,Rural,Rural,Rural,Village,Agro-pastoral,33,No,0,0,0,1,0,0
NRC,Bay,Baidoa,Baidoa,Baidoa,Makuda,Area Community,500,500,0,No,Rural,Rural,Rural,Village,Agro-pastoral,31,No,0,0,0,1,0,0
NRC,Bay,Baidoa,Baidoa,Baidoa,Misgaale,Area Community,500,500,0,No,Rural,Rural,Rural,Village,Agro-pastoral,32,No,0,0,0,1,0,0
NRC,Bay,Baidoa,Baidoa,Baidoa,Mursal,Participant Community,1300,0,1300,Yes,Urban,Rural,Urban,District capital,Urban,31,No,0,1,0,0,0,0
NRC,Bay,Baidoa,Baidoa,Baidoa,Rebay Farmers,Participant Community,120,120,0,No,Rural,Rural,Rural,Village,Agro-pastoral,36,No,0,0,0,1,0,0
NRC,Bay,Baidoa,Baidoa,Baidoa,Salaamey,Participant Community,1600,0,1600,Yes,Urban,Urban,Urban,District capital,Urban,29.33,No,0,1,0,0,0,0
NRC,Bay,Baidoa,Baidoa,Baidoa,Salbuy Farmers,Participant Community,150,150,0,No,Rural,Rural,Rural,Village,Agro-pastoral,36,No,0,0,0,1,0,0
NRC,Bay,Baidoa,Baidoa,Baidoa,Wadajir,Participant Community,2775,0,2775,Yes,Urban,Urban,Urban,District capital,Urban,30,No,0,1,0,0,0,0
NRC,Bay,Baidoa,Baidoa,Baidoa,Waryaale,Area Community,147,147,0,No,Rural,Rural,Rural,Village,Agro-pastoral,32,No,0,0,0,1,0,0
NRC,Galgaduud,Adaado,Adado,Adado,Ardo,Area Community,446,446,0,No,Rural,Rural,Rural,Village,Pastoralist,21,No,0,0,1,0,0,0
NRC,Galgaduud,Adaado,Adado,Adado,Bowdadhogore,Participant Community,300,300,0,No,Rural,Rural,Rural,Village,Pastoralist,31,No,0,0,1,0,0,0
NRC,Galgaduud,Adaado,Adado,Adado,Cadakibir,Area Community,522,465,57,Yes,Peri-Urban,Rural,Urban,Small town,Urban,25,No,0,1,0,0,0,0
NRC,Galgaduud,Adaado,Adado,Adado,Carmooleey,Area Community,135,135,0,No,Rural,Rural,Rural,Village,Pastoralist,20,No,0,0,1,0,0,0
NRC,Galgaduud,Adaado,Adado,Adado,Dayax,Area Community,560,473,87,Yes,Urban,Rural,Urban,Small town,Urban,20,No,0,1,0,0,0,0
NRC,Galgaduud,Adaado,Adado,Adado,Dhagax Dheer,Participant Community,630,630,0,No,Rural,Rural,Rural,Village,Pastoralist,35,No,0,0,1,0,0,0
NRC,Galgaduud,Adaado,Adado,Adado,Fadalaweyn,Participant Community,250,320,0,No,Rural,Rural,Rural,Village,Pastoralist,32,No,0,0,1,0,0,0
NRC,Galgaduud,Adaado,Adado,Adado,Gaalyeel Village,Area Community,286,286,0,No,Rural,Rural,Rural,Village,Pastoralist,23,No,0,0,1,0,0,0
NRC,Galgaduud,Adaado,Adado,Adado,Horseed,Area Community,680,607,73,No,Urban,Rural,Urban,Small town,Urban,20,No,0,1,0,0,0,0
NRC,Galgaduud,Adaado,Adado,Adado,Koongo,Participant Community,470,417,53,No,Urban,Rural,Urban,Small town,Urban,32,No,0,1,0,0,0,0
NRC,Galgaduud,Adaado,Adado,Adado,Mubarak,Participant Community,450,378,72,No,Urban,Rural,Urban,Small town,Urban,26,No,0,1,0,0,0,0
NRC,Galgaduud,Adaado,Adado,Adado,Shillanwayne,Area Community,165,165,0,No,Rural,Rural,Rural,Village,Pastoralist,22,No,0,0,1,0,0,0
NRC,Galgaduud,Dhusamareb,Dhusamareb,Dhusamareb,Baag,Area Community,300,300,0,No,Rural,Rural,Rural,Village,Pastoralist,30,No,0,0,1,0,0,0
NRC,Galgaduud,Dhusamareb,Dhusamareb,Dhusamareb,Bilan,Participant Community,550,376,174,No,Urban,Rural,Urban,District capital,Urban,27,No,0,1,0,0,0,0
NRC,Galgaduud,Dhusamareb,Dhusamareb,Dhusamareb,Biyoguduud,Area Community,530,530,0,No,Rural,Rural,Rural,Village,Pastoralist,27,No,0,0,1,0,0,0
NRC,Galgaduud,Dhusamareb,Dhusamareb,Dhusamareb,Calalaale,Area Community,430,430,0,No,Rural,Rural,Rural,Village,Pastoralist,21,No,0,0,1,0,0,0
NRC,Galgaduud,Dhusamareb,Dhusamareb,Dhusamareb,Dabare,Area Community,750,750,0,No,Rural,Rural,Rural,Village,Pastoralist,24,No,0,0,1,0,0,0
NRC,Galgaduud,Dhusamareb,Dhusamareb,Dhusamareb,Elbaraf,Participant Community,260,260,0,No,Rural,Rural,Rural,Village,Pastoralist,30,No,0,0,1,0,0,0
NRC,Galgaduud,Dhusamareb,Dhusamareb,Dhusamareb,Howlwadaag Guriceel,Area Community,5000,4220,780,Yes,Urban,Urban,Urban,District capital,Urban,20,No,0,1,0,0,0,0
NRC,Galgaduud,Dhusamareb,Dhusamareb,Dhusamareb,Kaah Community,Participant Community,530,463,67,No,Urban,Rural,Urban,District capital,Urban,28,No,0,1,0,0,0,0
NRC,Galgaduud,Dhusamareb,Dhusamareb,Dhusamareb,Laanle Guriceel,Participant Community,260,260,0,No,Rural,Rural,Rural,Village,Pastoralist,38,No,0,0,1,0,0,0
NRC,Galgaduud,Dhusamareb,Dhusamareb,Dhusamareb,Shalaqbeen Guriceel,Participant Community,300,300,0,No,Rural,Rural,Rural,Village,Pastoralist,32,No,0,0,1,0,0,0
NRC,Galgaduud,Dhusamareb,Dhusamareb,Dhusamareb,Wadajir,Area Community,6000,4650,1350,Yes,Urban,Urban,Urban,District capital,Urban,26,No,0,1,0,0,0,0
NRC,Gedo,Luuq,Luuq,Luuq,Arabiya,Area Community,300,300,0,No,Rural,Rural,Rural,Village,Riverine,27,No,0,0,0,0,1,0
NRC,Gedo,Luuq,Luuq,Luuq,Banmudule,Area Community,300,300,0,No,Rural,Rural,Rural,Village,Riverine,25,No,0,0,0,0,1,0
NRC,Gedo,Luuq,Luuq,Luuq,Buyle,Participant Community,1528,0,1528,Yes,Urban,Urban,Urban,District capital,Agro-pastoral,30.33,Yes,1,1,0,1,0,0
NRC,Gedo,Luuq,Luuq,Luuq,Cakaaro,Participant Community,1822,364,1458,No,Urban,Urban,Urban,District capital,Agro-pastoral,27.33,No,1,1,0,1,0,0
NRC,Gedo,Luuq,Luuq,Luuq,Jazera All,Participant Community,8568,2570,5998,Yes,Urban,Urban,Urban,District capital,Agro-pastoral,27.33,Yes,1,1,0,1,0,0
NRC,Gedo,Luuq,Luuq,Luuq,Luuq Godey,Participant Community,297,297,0,No,Rural,Rural,Rural,Village,Riverine,37,Yes,0,0,0,0,1,0
NRC,Gedo,Luuq,Luuq,Luuq,Qasale,Area Community,290,290,0,No,Rural,Rural,Rural,Village,Agro-pastoral,27,No,0,0,0,1,0,0
NRC,Gedo,Luuq,Luuq,Luuq,Suul Alle,Area Community,350,350,0,No,Rural,Rural,Rural,Village,Agro-pastoral,25,No,0,0,0,1,0,0
NRC,Gedo,Luuq,Luuq,Luuq,Xero Kowaad,Participant Community,1795,1436,359,No,Urban,Urban,Urban,Small town,Riverine,27.33,No,0,0,0,0,1,0
NRC,Lower Juba,Afmadov,Dhobley,Dhobley,Afmadow town,Participant Community,18000,16500,1500,No,Urban,Urban,Urban,District capital,Urban,27.33,Yes,0,1,0,0,0,0
NRC,Lower Juba,Afmadov,Dhobley,Dhobley,Dagaday,Participant Community,200,200,0,No,Rural,Rural,Rural,Village,Agro-pastoral,39.33,No,0,0,0,1,0,0
NRC,Lower Juba,Afmadov,Dhobley,Dhobley,Degelema,Participant Community,1100,1100,0,No,Rural,Rural,Rural,Village,Agro-pastoral,33.33,No,0,0,0,1,0,0
NRC,Lower Juba,Afmadov,Dhobley,Dhobley,Dhobley,Participant Community,16350,15500,850,No,Urban,Urban,Urban,Small town,Urban,23.33,No,0,1,0,0,0,0
NRC,Lower Juba,Afmadov,Dhobley,Dhobley,Kulmis,Area Community,100,100,0,No,Rural,Rural,Rural,Village,Pastoralist,32,No,0,0,1,0,0,0
NRC,Lower Juba,Afmadov,Dhobley,Dhobley,Shaftuug,Area Community,27,27,0,No,Rural,Rural,Rural,Village,Pastoralist,31,No,0,0,1,0,0,0
NRC,Lower Juba,Afmadov,Dhobley,Dhobley,Tulad Barwaqo,Participant Community,700,700,0,No,Rural,Rural,Rural,Village,Pastoralist,35.33,No,0,0,1,0,0,0
NRC,Lower Juba,Afmadov,Dhobley,Dhobley,Warsan,Area Community,40,40,0,No,Rural,Rural,Rural,Village,Pastoralist,33,No,0,0,1,0,0,0
NRC,Lower Juba,Kismayo,Kismayo,Kismayo,Bulabartire Idps,Area Community,275,0,275,Yes,Rural,Rural,Rural,Village,Agro-pastoral,23,No,0,0,0,1,0,0
NRC,Lower Juba,Kismayo,Kismayo,Kismayo,Bulagadut,Participant Community,1250,1000,250,No,Rural,Rural,Rural,Village,Agro-pastoral,24,No,0,0,0,1,0,0
NRC,Lower Juba,Kismayo,Kismayo,Kismayo,Calanley,Area Community,13780,11713,2067,No,Urban,Urban,Urban,District capital,Coastal Fishery ,23.33,Yes,1,1,0,0,0,1
NRC,Lower Juba,Kismayo,Kismayo,Kismayo,Fanoole,Area Community,6700,6030,670,No,Urban,Urban,Urban,District capital,Coastal Fishery ,25.3,Yes,1,1,0,0,0,1
NRC,Lower Juba,Kismayo,Kismayo,Kismayo,Farjano,Area Community,19997,12998,6999,No,Urban,Urban,Urban,District capital,Coastal Fishery ,25.33,Yes,1,0,0,0,0,1
NRC,Lower Juba,Kismayo,Kismayo,Kismayo,Gobweyn,Participant Community,506,400,106,No,Rural,Rural,Rural,Village,Riverine,26.33,No,0,0,0,0,1,0
NRC,Lower Juba,Kismayo,Kismayo,Kismayo,Gulwado,Area Community,9909,9116,793,No,Urban,Urban,Urban,District capital,Agro-pastoral,13.5,No,1,1,0,1,0,0
NRC,Lower Juba,Kismayo,Kismayo,Kismayo,Qamqam,Participant Community,874,774,100,No,Rural,Rural,Rural,Village,Agro-pastoral,23.5,No,0,0,0,1,0,0
NRC,Lower Juba,Kismayo,Kismayo,Kismayo,Shaqalaha,Participant Community,13000,10000,3000,No,Urban,Urban,Urban,District capital,Urban,30.33,No,0,1,0,0,0,0
NRC,Lower Juba,Kismayo,Kismayo,Kismayo,Yontoy,Participant Community,487,387,87,No,Rural,Rural,Rural,Village,Riverine,31.33,No,0,0,0,0,1,0
NRC,Sanaag,Erigavo,Erigavo,Erigavo,Buq Laanqiciye Booca,Participant Community,250,250,0,No,Rural,Rural,Rural,Village,Agro-pastoral,29.33,No,0,0,0,0,0,0
NRC,Sanaag,Erigavo,Erigavo,Erigavo,Dayax,Area Community,400,400,0,No,Rural,Rural,Rural,Village,Agro-pastoral,15.33,No,0,0,0,0,0,0
NRC,Sanaag,Erigavo,Erigavo,Erigavo,Goob,Area Community,110,110,0,No,Rural,Rural,Rural,Village,Agro-pastoral,17.33,No,0,0,0,0,0,0
NRC,Sanaag,Erigavo,Erigavo,Erigavo,Jiidali Dabablehe Kaladhac,Participant Community,300,230,70,No,Peri-Urban,Rural,Rural,Village,Agro-pastoral,32,No,1,1,0,0,0,0
NRC,Sanaag,Erigavo,Erigavo,Erigavo,Kalmac,Area Community,80,50,30,No,Rural,Rural,Rural,Village,Agro-pastoral,19.33,No,0,0,0,0,0,0
NRC,Sanaag,Erigavo,Erigavo,Erigavo,Midhisho Kulmiye Buqhayle,Participant Community,370,320,50,No,Peri-Urban,Rural,Rural,Village,Agro-pastoral,34,No,1,1,0,0,0,0
NRC,Sanaag,Erigavo,Erigavo,Erigavo,Ninkujooga Qaarar,Participant Community,250,200,50,No,Rural,Rural,Rural,Village,Agro-pastoral,35,No,0,0,0,0,0,0
NRC,Sanaag,Erigavo,Erigavo,Erigavo,Seeraha Karinka,Participant Community,400,280,120,No,Urban,Rural,Urban,District capital,Pastoral,31,No,1,1,1,0,0,0
NRC,Sanaag,Erigavo,Erigavo,Erigavo,Xafadsomal Marawade,Participant Community,400,250,150,No,Urban,Rural,Urban,District capital,Agro-pastoral,33.33,No,1,1,0,1,0,0
NRC,Sanaag,Erigavo,Erigavo,Erigavo,Yufle,Area Community,450,370,80,No,Peri-Urban,Rural,Urban,Small town,Pastoralist,24.33,No,1,1,1,0,0,0
NRC,Sool,Lascanod,Lascanod,Lascanod,Adhicadeeye,Participant Community,503,303,200,No,Urban,Rural,Urban,Small town,Pastoralist,33,No,1,1,1,0,0,0
NRC,Sool,Lascanod,Lascanod,Lascanod,Daryare,Participant Community,260,240,20,No,Rural,Rural,Rural,Village,Agro-pastoral,30.67,No,0,0,1,0,0,0
NRC,Sool,Lascanod,Lascanod,Lascanod,Gumeys,Area Community,400,200,200,No,Rural,Rural,Rural,Village,Pastoralist,18.67,No,0,0,1,0,0,0
NRC,Sool,Lascanod,Lascanod,Lascanod,Kabaalka Canjiid,Participant Community,280,180,100,No,Rural,Rural,Rural,Village,Pastoralist,41.33,No,0,0,1,0,0,0
NRC,Sool,Lascanod,Lascanod,Lascanod,Kalabaydh,Area Community,380,230,150,No,Urban,Rural,Urban,Small town,Pastoralist,24,No,1,1,1,0,0,0
NRC,Sool,Lascanod,Lascanod,Lascanod,Karindabeylweyn Qarbibayax,Participant Community,400,300,100,No,Urban,Rural,Urban,Small town,Pastoralist,40.67,No,1,1,1,0,0,0
NRC,Sool,Lascanod,Lascanod,Lascanod,Tukoraq,Area Community,350,230,120,No,Urban,Rural,Urban,Small town,Pastoralist,25,No,1,1,1,0,0,0
NRC,Sool,Lascanod,Lascanod,Lascanod,Waqdariya Odagooye,Participant Community,250,250,0,No,Urban,Rural,Urban,District capital,Pastoralist ,31,No,1,1,1,0,0,0
NRC,Sool,Lascanod,Lascanod,Lascanod,Yaqoori Tuulosamakaab,Participant Community,420,340,80,No,Urban,Rural,Urban,Small town,Pastoralist,33,No,1,1,1,0,0,0
SCI,Banadir,Daynile,Deynile,Kurdamac,Kurdamac,Participant Community,8000,4000,4000,Yes,Urban,Urban,Urban,Capital,Urban,25,Yes,0,1,0,0,0,0
SCI,Banadir,Daynile,Kurdamac,Radeelka,Raadeer,Area Community,6000,4000,2000,No,Urban,Urban,Urban,Capital,Urban,23.9,Yes,0,1,0,0,0,0
SCI,Banadir,Hodan,Hodan,Ahmed Gurey,Ahmed Gurey,Participant Community,4000,3600,400,No,Urban,Urban,Urban,Capital,Urban,25.67,Yes,0,1,0,0,0,0
SCI,Banadir,Hodan,Hodan,Taleex,Taleex,Area Community,5000,4500,500,No,Urban,Urban,Urban,Capital,Urban,18.6,No,0,1,0,0,0,0
SCI,Banadir,Holwadag,Holwadag,Hawo Tako,Hawo Tako,Area Community,9000,9000,0,No,Urban,Urban,Urban,Capital,Urban,22.15,No,0,1,0,0,0,0
SCI,Banadir,Holwadag,Holwadag,Saqawudin,Saqawudin,Participant Community,6000,5000,1000,No,Urban,Urban,Urban,Capital,Urban,30.12,Yes,0,1,0,0,0,0
SCI,Bay,Baidoa,Awdinle,Awdinle,Awdinle,Area Community,4500,4500,No,No,Rural,Urban,Urban,Village,Agro-pastoral,23,No,0,0,0,1,0,0
SCI,Bay,Baidoa,Bullagadud,Bullagadud,Bullagadud,Area Community,19700,18000,1700,No,Urban,Urban,Urban,District capital,Urban,21,No,0,1,0,0,0,0
SCI,Bay,Baidoa,Bullajadid,Bullajadid,Bullajadid,Area Community,3430,2400,1030,No,Urban,Urban,Urban,District capital,Urban,19,No,0,1,0,0,0,0
SCI,Bay,Baidoa,Caragaduud,Caragaduud,Caragaduud,Area Community,50,50,No,No,Rural,Rural,Rural,Village,Agro-pastoral,20,No,0,0,0,1,0,0
SCI,Bay,Baidoa,Ceel Cadow,"Ceel Cadow, Baqalay and Gomorey",Ceelcadow,Participant Community,300,300,No,No,Rural,Rural,Rural,Village,Agro-pastoral,31,No,0,0,0,1,0,0
SCI,Bay,Baidoa,Towfiiq,Towfiiq,Towfiq,Participant Community,1760,1041,719,No,Urban,Urban,Urban,District capital,Urban,27,No,0,1,0,0,0,0
SCI,Hiraan,Beledweyne,Beledweyne1,Domcade and Tulo Hiran,Baaslabe,Area Community,110,110,No,No,Rural,Rural,Rural,Village,Riverine,18,Yes,0,0,0,0,1,0
SCI,Hiraan,Beledweyne,Beledweyne1,Bujada kulanta and Qansoni east,Bacad,Participant Community,450,450,No,No,Rural,Rural,Rural,Village,Riverine,26,Yes,0,0,0,0,1,0
SCI,Hiraan,Beledweyne,Beledweyne1,"Qarsoni west , Dhay wabar and Labka",Bacadbuke,Participant Community,180,180,No,No,Rural,Rural,Rural,Village,Riverine,24,Yes,0,0,0,0,1,0
SCI,Hiraan,Beledweyne,Beledweyne1,Marerta and Burjada,Biyaqurun,Area Community,144,144,No,No,Rural,Rural,Rural,Village,Riverine,15,No,0,0,0,0,1,0
SCI,Hiraan,Beledweyne,Beledweyne1,Dharkeynta and Sigalow,Bulokahin,Area Community,102,102,No,No,Rural,Rural,Rural,Village,Riverine,16,No,0,0,0,0,1,0
SCI,Hiraan,Beledweyne,Beledweyne1,Baarta and Domcade,Dhariyow,Area Community,110,110,No,No,Rural,Rural,Rural,Village,Riverine,17,Yes,0,0,0,0,1,0
SCI,Hiraan,Beledweyne,Beledweyne1,"Ilan guul, Cabar fur and Warhunsho",Dusmo,Participant Community,180,180,No,No,Rural,Rural,Rural,Village,Agro-pastoral,30,No,0,0,0,1,0,0
SCI,Hiraan,Beledweyne,Beledweyne1,Xeyndabka and Sabad cano,Elgal,Area Community,390,390,No,No,Rural,Rural,Rural,Village,Agro-pastoral,17,No,0,0,0,1,0,0
SCI,Hiraan,Beledweyne,Beledweyne1,Cabar furka and Gasle,Guricade,Area Community,95,95,No,No,Rural,Rural,Rural,Village,Agro-pastoral,14,No,0,0,0,1,0,0
SCI,Hiraan,Beledweyne,Beledweyne1,Lug bari and Nurada,Harcadey,Participant Community,160,160,No,No,Rural,Rural,Rural,Village,Riverine,25,No,0,0,0,0,1,0
SCI,Hiraan,Beledweyne,Beledweyne1,Bulo hubay and Malin diid,Hodley,Participant Community,160,160,No,No,Rural,Rural,Rural,Village,Riverine,29,No,0,0,0,0,1,0
SCI,Hiraan,Beledweyne,Beledweyne1,Burqaninyo and Malmal,Ilkacado,Area Community,160,160,No,No,Rural,Rural,Rural,Village,Agro-pastoral,17,Yes,0,0,0,1,0,0
SCI,Hiraan,Beledweyne,Beledweyne1,"Marer gaagab, Barlkulow and Bur qaniinyo",Jawil,Participant Community,620,620,No,No,Rural,Rural,Rural,Village,Agro-pastoral,29,No,0,0,0,1,0,0
SCI,Hiraan,Beledweyne,Beledweyne1,"Bilis diid, Bulo qurah and Hiran Bille",Koshin,Participant Community,24000,20430,3570,Yes,Urban,Urban,Urban,District capital,Urban,20.67,No,0,1,0,0,0,0
SCI,Hiraan,Beledweyne,Beledweyne1,"Garash, Nimcan and Shinile",Lafoole,Area Community,180,180,No,No,Rural,Rural,Rural,Village,Riverine,18,Yes,0,0,0,0,1,0
SCI,Hiraan,Beledweyne,Beledweyne1,Domcade and tulo Hiran,Qoqane,Area Community,105,105,No,No,Rural,Rural,Rural,Village,Riverine,17,Yes,0,0,0,0,1,0
SCI,Hiraan,Mataban,Mataban1,Haji hababis and Jexdin,Baarkurtun,Area Community,390,390,No,No,Rural,Rural,Rural,Village,Pastoralist,17,No,0,0,1,0,0,0
SCI,Hiraan,Mataban,Mataban1,Himran and tulo shiqal,Bergadid,Participant Community,595,595,No,No,Rural,Rural,Rural,Village,Pastoralist,29,Yes,0,0,1,0,0,0
SCI,Hiraan,Mataban,Mataban1,Alasow and Bacada hose,Bundomadow,Participant Community,230,230,No,No,Rural,Rural,Rural,Village,Pastoralist,23,Yes,0,0,1,0,0,0
SCI,Hiraan,Mataban,Mataban1,Hawdley and Salah dhadhab,Elmijowle,Area Community,350,350,No,No,Rural,Rural,Rural,Village,Pastoralist,16,No,0,0,1,0,0,0
SCI,Hiraan,Mataban,Mataban1,"Ciinle,sanan weyne and Farmalage",Gerijir,Participant Community,400,400,No,No,Rural,Rural,Rural,Village,Pastoralist,29,No,0,0,1,0,0,0
SCI,Hiraan,Mataban,Mataban1,Ali Gomey and Far webi,Harqaboobe,Participant Community,410,410,No,No,Rural,Rural,Rural,Village,Pastoralist,29,Yes,0,0,1,0,0,0
SCI,Hiraan,Mataban,Mataban1,"Cadaada, Laaladshe and Dhen xaluul",Jiracle,Area Community,180,180,No,No,Rural,Rural,Rural,Village,Pastoralist,19,Yes,0,0,1,0,0,0
SCI,Hiraan,Mataban,Mataban1,Showla shamax and Butale,Kanecale,Area Community,70,70,No,No,Rural,Rural,Rural,Village,Pastoralist,19,Yes,0,0,1,0,0,0
SCI,Hiraan,Mataban,Mataban1,"Marere, Abiweyne and Sagar baqtiis",Mataban Town,Participant Community,850,650,200,No,Urban,Rural,Urban,District capital,Urban,31,No,0,1,0,0,0,0
SCI,Hiraan,Mataban,Mataban1,Gelkudhal,Mirqudo,Area Community,75,75,No,No,Rural,Rural,Rural,Village,Pastoralist,18,Yes,0,0,1,0,0,0
SCI,Hiraan,Mataban,Mataban1,"Bali cows, Kah shiqal and Libile",Qobno,Area Community,150,150,No,No,Rural,Rural,Rural,Village,Pastoralist,17,Yes,0,0,1,0,0,0
SCI,Hiraan,Mataban,Mataban1,"Lammo, Ilgule and Yibirsuge",Qodqod,Participant Community,600,600,No,No,Rural,Rural,Rural,Village,Pastoralist,29,No,0,0,1,0,0,0
SCI,Hiraan,Mataban,Mataban1,Butale,Quulaale,Area Community,125,125,No,No,Rural,Rural,Rural,Village,Pastoralist,16,Yes,0,0,1,0,0,0
SCI,Hiraan,Mataban,Mataban1,Lama gud and Shilinka,Salaxsalid,Area Community,130,130,No,No,Rural,Rural,Rural,Village,Pastoralist,18,Yes,0,0,1,0,0,0
SCI,Hiraan,Mataban,Mataban1,Baribah,Xajinley,Area Community,45,45,No,No,Rural,Rural,Rural,Village,Pastoralist,17,No,0,0,1,0,0,0
,,,,,,,,,,,,,,,,,No,0,0,0,0,0,0
