id,state_id,state,region_id,region,district_id,district,area_id,cluster_id,name,population_full,host_population,idp_population,residency_type_id,idp_settlement,vulnerability_score,program_intensity_id,overlaps_prev_brcis,comment,latitude,longitude,altitude,accuracy,active,created_at,updated_at,deleted_at,community_livelihood_id,community_type_id
1,2,Galmudug,4,Galguduud,1,Adaado,NULL,NULL,Qansaxley,330,330,300,1,0,35,1,0,,5.962461834,46.89108149,231.6000061,5,1,NULL,NULL,NULL,1,1
2,2,Galmudug,4,Galguduud,1,Adaado,1,1,Bakin,4337,4337,3870,3,0,19,2,0,,6.142348498,46.62717467,278.2000122,5,1,NULL,NULL,NULL,2,2
3,2,Galmudug,4,Galguduud,1,Adaado,NULL,NULL,Docoley,630,630,630,1,0,27,2,0,,6.132845073,46.96663135,239.3004655,4,1,NULL,NULL,NULL,1,1
4,2,Galmudug,4,Galguduud,1,Adaado,1,1,Galbed,2910,2910,2508,3,0,20.33,2,1,,6.134258034,46.62507769,278.5,5,1,NULL,NULL,NULL,2,2
5,2,Galmudug,4,Galguduud,1,Adaado,1,1,Gidheys,970,970,850,1,0,27,2,0,,6.018619607,46.6823642,250.7202435,4,1,NULL,NULL,NULL,1,1
6,2,Galmudug,4,Galguduud,1,Adaado,1,1,Karama,1960,1960,1573,3,0,19,2,0,,6.140738167,46.62367229,271.1000061,4,1,NULL,NULL,NULL,2,2
7,2,Galmudug,4,Galguduud,1,Adaado,1,1,Waberi,7424,7424,6854,3,0,19.67,2,0,,6.12826183,46.63090764,265.2000122,5,1,NULL,NULL,NULL,2,2
8,2,Galmudug,4,Galguduud,1,Adaado,NULL,NULL,Horseed,680,680,607,3,NULL,20,1,0,,5.880905287,46.63158305,235,5,1,NULL,NULL,NULL,2,2
9,2,Galmudug,4,Galguduud,1,Adaado,NULL,NULL,Bowdadhogore,300,300,300,1,0,31,2,0,,5.963583332,46.46328558,333,27,1,NULL,NULL,NULL,1,1
10,2,Galmudug,4,Galguduud,1,Adaado,1,55,Dhagax Dheer,630,630,630,1,0,35,2,0,,5.85458,46.81313167,224.9,4.9,1,NULL,NULL,NULL,1,1
11,2,Galmudug,4,Galguduud,1,Adaado,1,55,Mubarak,450,450,378,3,0,26,2,0,,5.878022751,46.63352589,247,5,1,NULL,NULL,NULL,2,2
12,2,Galmudug,4,Galguduud,1,Adaado,NULL,NULL,Koongo,470,470,417,3,0,32,2,0,,5.877295327,46.632394,256,5,1,NULL,NULL,NULL,2,2
13,2,Galmudug,4,Galguduud,1,Adaado,1,55,Fadalaweyn,250,250,320,1,0,32,2,0,,5.912618302,46.51775789,262,23,1,NULL,NULL,NULL,1,1
14,2,Galmudug,4,Galguduud,1,Adaado,NULL,NULL,Ardo,446,446,446,1,0,21,1,0,,5.852574706,46.96403582,204,8,1,NULL,NULL,NULL,1,1
15,2,Galmudug,4,Galguduud,1,Adaado,NULL,NULL,Bendharte,270,270,200,1,0,37,1,0,,6.356596313,46.68874034,292,5,1,NULL,NULL,NULL,1,1
16,2,Galmudug,4,Galguduud,1,Adaado,NULL,NULL,Biyagaduud,1550,1550,1200,1,0,22,1,0,,6.31196098,46.5794018,299.5720202,4,1,NULL,NULL,NULL,1,1
17,2,Galmudug,4,Galguduud,1,Adaado,NULL,NULL,Cadakibir,522,522,465,2,NULL,25,1,0,,5.725865937,46.95920466,190,5,1,NULL,NULL,NULL,2,2
18,2,Galmudug,4,Galguduud,1,Adaado,NULL,NULL,Carmooleey,135,135,135,1,0,20,1,0,,5.895081097,46.92527957,197,5,1,NULL,NULL,NULL,1,1
19,2,Galmudug,4,Galguduud,1,Adaado,NULL,NULL,Dayax,560,560,473,3,NULL,20,1,0,,5.87404449,46.6317128,225,5,1,NULL,NULL,NULL,2,2
20,2,Galmudug,4,Galguduud,1,Adaado,NULL,NULL,Dhumodle,170,170,110,1,0,35.67,1,0,,6.063617533,46.45301716,285.1000061,5,1,NULL,NULL,NULL,1,1
21,2,Galmudug,4,Galguduud,1,Adaado,NULL,NULL,Gaalyeel Village,286,286,286,1,0,23,1,0,,5.819601667,46.704975,264.8,4.2,1,NULL,NULL,NULL,1,1
22,2,Galmudug,4,Galguduud,1,Adaado,NULL,NULL,Idole,425,425,415,1,0,34.33,1,0,,6.171107143,46.84946509,268.2999878,5,1,NULL,NULL,NULL,1,1
23,2,Galmudug,4,Galguduud,1,Adaado,NULL,NULL,Keen,450,450,300,1,0,30,1,0,,5.967476307,46.72243483,230.1999969,5,1,NULL,NULL,NULL,1,1
24,2,Galmudug,4,Galguduud,1,Adaado,NULL,NULL,Shillanwayne,165,165,165,1,0,22,1,0,,5.77067995,46.91695425,206,5,1,NULL,NULL,NULL,1,1
25,2,Galmudug,4,Galguduud,1,Adaado,NULL,NULL,Xanjobarde,150,150,120,1,0,35.33,1,0,,6.0164933,46.84815324,230.8000031,5,1,NULL,NULL,NULL,1,1
26,7,South West,7,Lower Shabelle,3,Afgoye,2,75,Jazeera,908,908,908,3,0,23,2,0,,1.950429766,45.18035811,-31.54368205,4,1,NULL,NULL,NULL,3,2
27,7,South West,7,Lower Shabelle,3,Afgoye,2,75,Ceel Huur,400,400,400,3,0,31,2,0,,1.973059983,45.21897328,-25,5,1,NULL,NULL,NULL,2,2
28,7,South West,7,Lower Shabelle,3,Afgoye,2,75,Buulo Calooleey,220,220,220,3,0,29,2,0,,1.964542544,45.19769087,-30,5,1,NULL,NULL,NULL,2,2
29,7,South West,7,Lower Shabelle,3,Afgoye,2,50,Elasha,790,790,640,3,0,22,2,0,,2.082261235,45.20974794,114.8824724,4,1,NULL,NULL,NULL,2,2
30,7,South West,7,Lower Shabelle,3,Afgoye,2,50,Qoorsuul,900,900,880,3,0,21,2,0,,2.094755913,45.20553416,102,11,1,NULL,NULL,NULL,2,2
31,7,South West,7,Lower Shabelle,3,Afgoye,2,50,Jabad Gelle,500,500,485,3,0,23,2,0,,2.095228191,45.2075231,101,6,1,NULL,NULL,NULL,2,2
32,7,South West,7,Lower Shabelle,3,Afgoye,5,60,Warmahan Afgoyeside,600,600,540,3,0,17.33,2,0,,2.399507076,45.02196369,41,5,1,NULL,NULL,NULL,4,2
33,7,South West,7,Lower Shabelle,3,Afgoye,NULL,NULL,Gurdaan,515,515,490,1,0,30,2,0,,2.375067668,45.02505602,51,5,1,NULL,NULL,NULL,4,1
34,7,South West,7,Lower Shabelle,3,Afgoye,5,60,Tixsiile,510,510,477,1,0,39.33,2,0,,2.321313433,45.06077592,51,5,1,NULL,NULL,NULL,4,1
35,7,South West,7,Lower Shabelle,3,Afgoye,5,60,Waayeel Diinle,250,250,230,1,0,36,2,0,,2.388105006,45.02620133,53,5,1,NULL,NULL,NULL,4,1
36,7,South West,7,Lower Shabelle,3,Afgoye,5,60,Wala Daye,215,215,203,1,0,36,2,0,,2.364300652,45.01225577,47,5,1,NULL,NULL,NULL,4,1
37,7,South West,7,Lower Shabelle,3,Afgoye,5,60,Wargobleey,220,220,208,1,0,35.33,2,0,,2.367379158,45.00819708,46,5,1,NULL,NULL,NULL,4,1
38,7,South West,7,Lower Shabelle,3,Afgoye,2,75,Abaay Dhaxan,200,200,200,3,0,25.3,2,0,,1.958950432,45.19302593,-32,5,1,NULL,NULL,NULL,3,2
39,7,South West,7,Lower Shabelle,3,Afgoye,2,50,Arbacow,400,400,390,3,0,23,2,0,,2.08225837,45.20477953,114,5,1,NULL,NULL,NULL,2,2
40,7,South West,7,Lower Shabelle,3,Afgoye,2,50,Midnimo,980,980,960,3,0,23,2,0,,2.079282752,45.20808301,95,5,1,NULL,NULL,NULL,2,2
41,7,South West,7,Lower Shabelle,3,Afgoye,2,75,Ceel Dheer,195,195,195,3,0,23.3,2,0,,1.956795361,45.17955939,-31,8,1,NULL,NULL,NULL,2,2
42,7,South West,7,Lower Shabelle,3,Afgoye,NULL,NULL,Baalguri,620,620,558,1,0,25,1,0,,2.140262523,45.11175374,32,8,1,NULL,NULL,NULL,5,1
43,7,South West,7,Lower Shabelle,3,Afgoye,NULL,NULL,Daaf Aarey,225,225,150,1,0,20,1,0,,2.1475772,45.1155157,51,5,1,NULL,NULL,NULL,5,1
44,7,South West,7,Lower Shabelle,3,Afgoye,NULL,NULL,Doodaaye,300,300,200,1,0,25.67,1,0,,2.152704494,45.11359692,48,5,1,NULL,NULL,NULL,5,1
45,7,South West,7,Lower Shabelle,3,Afgoye,NULL,NULL,Doon Dheere,1450,1450,1285,1,0,35.67,1,0,,2.43396617,45.06289889,53,5,1,NULL,NULL,NULL,4,1
46,7,South West,7,Lower Shabelle,3,Afgoye,NULL,NULL,Godeey,310,310,285,1,0,27.67,1,0,,2.147150687,45.11242169,68,7,1,NULL,NULL,NULL,5,1
47,7,South West,7,Lower Shabelle,3,Afgoye,NULL,NULL,Hilowley,590,590,400,1,0,24.67,1,0,,2.147910465,45.11536097,49,7,1,NULL,NULL,NULL,5,1
48,7,South West,7,Lower Shabelle,3,Afgoye,NULL,NULL,Luuqa,243,243,203,1,0,26,1,0,,2.14725412,45.11454038,46,8,1,NULL,NULL,NULL,5,1
49,7,South West,7,Lower Shabelle,3,Afgoye,NULL,NULL,Raqeyle,220,220,190,1,0,27.67,1,0,,2.144396226,45.11297431,45,5,1,NULL,NULL,NULL,5,1
50,7,South West,7,Lower Shabelle,3,Afgoye,NULL,NULL,Siigaale,422,422,342,1,0,25.33,1,0,,2.151034945,45.11648373,56,5,1,NULL,NULL,NULL,5,1
51,7,South West,3,Bay,4,Baidoa,7,25,Ceelcadow,300,300,300,1,0,31,2,0,,3.17454585,43.65122629,449,3.216,1,NULL,NULL,NULL,4,1
52,7,South West,3,Bay,4,Baidoa,7,103,Towfiq,1760,1760,1041,3,0,27,2,0,,3.12103455,43.66143657,432,4.288,1,NULL,NULL,NULL,2,3
53,7,South West,3,Bay,4,Baidoa,6,10,Wadajir,2775,2775,0,3,1,30,2,0,,3.12103455,43.66143657,432,4.288,1,NULL,NULL,NULL,2,3
54,7,South West,3,Bay,4,Baidoa,6,10,Bonkai,315,315,265,1,0,34,2,1,,3.152749645,43.63250811,457.9541973,4,1,NULL,NULL,NULL,4,1
55,7,South West,3,Bay,4,Baidoa,6,10,Boqol Itir,100,100,100,1,0,40.33,2,0,,3.18611,43.60529167,538,4.9,1,NULL,NULL,NULL,4,1
56,7,South West,3,Bay,4,Baidoa,NULL,NULL,Rebay Farmers,120,120,120,1,0,36,2,0,,3.166754301,43.58789289,469.8212256,4,1,NULL,NULL,NULL,4,1
57,7,South West,3,Bay,4,Baidoa,6,10,Salbuy Farmers,150,150,150,1,0,36,2,0,,3.160087802,43.6145296,447.0705378,4,1,NULL,NULL,NULL,4,1
58,7,South West,3,Bay,4,Baidoa,NULL,NULL,Isha Village,6725,6725,2017,3,0,30,2,0,,3.11335668,43.64745552,409.4469076,4,1,NULL,NULL,NULL,4,3
59,7,South West,3,Bay,4,Baidoa,6,10,Mursal,1300,1300,0,3,1,31,2,0,,3.122581667,43.65175333,451,4.2,1,NULL,NULL,NULL,2,3
60,7,South West,3,Bay,4,Baidoa,6,10,Salaamey,1600,1600,0,3,1,29.33,2,0,,3.125701667,43.64153667,469.2,4.9,1,NULL,NULL,NULL,2,3
61,7,South West,3,Bay,4,Baidoa,NULL,NULL,Awdinle,4500,4500,4500,1,0,23,1,0,,3.1704623,43.4097044,444.6000061,5,1,NULL,NULL,NULL,4,1
62,7,South West,3,Bay,4,Baidoa,NULL,NULL,Berdaale Village,14500,14500,7250,3,0,21.33,1,1,,3.116981784,43.65074186,409.4410401,16,1,NULL,NULL,NULL,2,3
63,7,South West,3,Bay,4,Baidoa,NULL,NULL,Bullagadud,19700,19700,18000,3,0,21,1,0,,3.10253799,43.65959268,371,4.288,1,NULL,NULL,NULL,2,3
64,7,South West,3,Bay,4,Baidoa,NULL,NULL,Bullajadid,3430,3430,2400,3,0,19,1,0,,3.13250713,43.64191377,440,4.288,1,NULL,NULL,NULL,2,3
65,7,South West,3,Bay,4,Baidoa,NULL,NULL,Bulojay,200,200,200,1,0,32,1,0,,3.176861667,43.58774833,492.8,4.8,1,NULL,NULL,NULL,4,1
66,7,South West,3,Bay,4,Baidoa,NULL,NULL,Caragaduud,50,50,50,1,0,20,1,0,,3.11244767,43.61307215,443,4.288,1,NULL,NULL,NULL,4,1
67,7,South West,3,Bay,4,Baidoa,NULL,NULL,Howlwadaag Village,18275,18275,9138,3,0,21.33,1,1,,3.120343959,43.64008627,434.4479784,64,1,NULL,NULL,NULL,2,3
68,7,South West,3,Bay,4,Baidoa,NULL,NULL,Jiidow,90,90,90,1,0,33,1,0,,3.19596,43.59631667,478.4,4.9,1,NULL,NULL,NULL,4,1
69,7,South West,3,Bay,4,Baidoa,NULL,NULL,Lawile Awgal,125,125,125,1,0,32,1,0,,3.175416667,43.60268167,525.9,5,1,NULL,NULL,NULL,4,1
70,7,South West,3,Bay,4,Baidoa,NULL,NULL,Lawile Iikow,159,159,159,1,0,33,1,0,,3.197533333,43.58595167,504.8,4.7,1,NULL,NULL,NULL,4,1
71,7,South West,3,Bay,4,Baidoa,NULL,NULL,Makuda,500,500,500,1,0,31,1,0,,3.086668333,43.62376167,456.1,3.7,1,NULL,NULL,NULL,4,1
72,7,South West,3,Bay,4,Baidoa,NULL,NULL,Misgaale,500,500,500,1,0,32,1,0,,3.167251667,43.55766,504.2,5,1,NULL,NULL,NULL,4,1
73,7,South West,3,Bay,4,Baidoa,NULL,NULL,Waryaale,147,147,147,1,0,32,1,0,,3.104676667,43.63901167,449.6,4.9,1,NULL,NULL,NULL,4,1
74,4,Jubaland,5,Gedo,5,Bardera,9,16,Bandar,666,666,666,1,0,33.33,2,0,,2.338025508,42.28335341,69.9627649,8,1,NULL,NULL,NULL,5,1
75,4,Jubaland,5,Gedo,5,Bardera,9,16,Bullogaras,230,230,200,1,0,30,2,0,,2.365898872,42.27467858,60,9,1,NULL,NULL,NULL,5,1
76,4,Jubaland,5,Gedo,5,Bardera,NULL,NULL,Bulo Adey,306,306,306,1,0,32.33,2,0,,2.326685227,42.26318733,79,14,1,NULL,NULL,NULL,5,1
77,4,Jubaland,5,Gedo,5,Bardera,NULL,NULL,Helloshiid,310,310,283,1,0,32.67,2,0,,2.289687423,42.21870901,78,5,1,NULL,NULL,NULL,5,1
78,4,Jubaland,5,Gedo,5,Bardera,9,16,Hurena,325,325,300,1,0,33.33,2,0,,2.367797457,42.32435812,86,11,1,NULL,NULL,NULL,4,1
79,4,Jubaland,5,Gedo,5,Bardera,9,16,Shimbiroole West,456,456,453,1,0,33.33,2,0,,2.3427468,42.2912788,153,2171,1,NULL,NULL,NULL,5,1
80,4,Jubaland,5,Gedo,5,Bardera,8,15,Buulo Gadud,468,468,463,1,0,35.33,1,0,,2.3344031,42.2847722,49,1799.999,1,NULL,NULL,NULL,5,1
81,4,Jubaland,5,Gedo,5,Bardera,NULL,NULL,Benlaodey,255,255,215,1,0,32.67,1,0,,2.368387626,42.32981675,87,12,1,NULL,NULL,NULL,5,1
82,4,Jubaland,5,Gedo,5,Bardera,NULL,NULL,Bulloasharaf,193,193,193,1,0,30,1,0,,2.336785044,42.26448761,72,5,1,NULL,NULL,NULL,5,1
83,4,Jubaland,5,Gedo,5,Bardera,NULL,NULL,Bulo Amin,443,443,433,1,0,35.33,1,0,,2.3357032,42.2825056,451.8,2855,1,NULL,NULL,NULL,5,1
84,4,Jubaland,5,Gedo,5,Bardera,NULL,NULL,Sarinley,590,590,590,1,0,30.33,1,0,,2.377750715,42.28200939,78,9,1,NULL,NULL,NULL,5,1
85,4,Jubaland,5,Gedo,5,Bardera,NULL,NULL,Shimbiroole east,411,411,411,1,0,32.33,1,0,,2.369185717,42.30080202,80.97873962,4,1,NULL,NULL,NULL,5,1
86,3,Hirshebelle,6,Hiraan,6,Beledweyne,11,49,Dusmo,180,180,180,1,0,30,2,0,,4.982164982,45.10553177,154,7,1,NULL,NULL,NULL,4,1
87,3,Hirshebelle,6,Hiraan,6,Beledweyne,11,67,Hodley,160,160,160,1,0,29,2,0,,4.787780349,45.20837688,147,5,1,NULL,NULL,NULL,5,1
88,3,Hirshebelle,6,Hiraan,6,Beledweyne,NULL,NULL,Jawil,620,620,620,1,0,29,2,0,,4.923934204,45.2187158,173.2686619,4,1,NULL,NULL,NULL,4,1
89,3,Hirshebelle,6,Hiraan,6,Beledweyne,11,7,Bacad,450,450,450,1,0,26,2,1,,4.867433385,45.15726035,149.779264,4,1,NULL,NULL,NULL,5,1
90,3,Hirshebelle,6,Hiraan,6,Beledweyne,11,63,Harcadey,160,160,160,1,0,25,2,0,,4.80654367,45.16964468,143,5,1,NULL,NULL,NULL,5,1
91,3,Hirshebelle,6,Hiraan,6,Beledweyne,11,8,Bacadbuke,180,180,180,1,0,24,2,1,,4.82774,45.16714802,152,4,1,NULL,NULL,NULL,5,1
92,3,Hirshebelle,6,Hiraan,6,Beledweyne,11,81,Koshin,24000,24000,20430,3,0,20.67,2,0,,4.74210252,45.20352133,153.2957015,6,1,NULL,NULL,NULL,2,3
93,3,Hirshebelle,6,Hiraan,6,Beledweyne,NULL,NULL,Baaslabe,110,110,110,1,0,18,1,1,,4.828853236,45.17644429,148.7917001,4,1,NULL,NULL,NULL,5,1
94,3,Hirshebelle,6,Hiraan,6,Beledweyne,NULL,NULL,Biyaqurun,144,144,144,1,0,15,1,0,,4.880980867,45.16086574,158.266926,4,1,NULL,NULL,NULL,5,1
95,3,Hirshebelle,6,Hiraan,6,Beledweyne,NULL,NULL,Bulokahin,102,102,102,1,0,16,1,0,,4.7964455,45.18837749,151,3,1,NULL,NULL,NULL,5,1
96,3,Hirshebelle,6,Hiraan,6,Beledweyne,NULL,NULL,Dhariyow,110,110,110,1,0,17,1,1,,4.84115037,45.17299428,154,5,1,NULL,NULL,NULL,5,1
97,3,Hirshebelle,6,Hiraan,6,Beledweyne,NULL,NULL,Elgal,390,390,390,1,0,17,1,0,,4.847442359,45.24008545,168,19,1,NULL,NULL,NULL,4,1
98,3,Hirshebelle,6,Hiraan,6,Beledweyne,NULL,NULL,Guricade,95,95,95,1,0,14,1,0,,4.90378509,45.14827094,137,5,1,NULL,NULL,NULL,4,1
99,3,Hirshebelle,6,Hiraan,6,Beledweyne,NULL,NULL,Ilkacado,160,160,160,1,0,17,1,1,,4.871336667,45.22687167,186.7,7.5,1,NULL,NULL,NULL,4,1
100,3,Hirshebelle,6,Hiraan,6,Beledweyne,NULL,NULL,Lafoole,180,180,180,1,0,18,1,1,,4.812323756,45.1786409,153.1929278,4,1,NULL,NULL,NULL,5,1
101,3,Hirshebelle,6,Hiraan,6,Beledweyne,NULL,NULL,Qoqane,105,105,105,1,0,17,1,1,,4.852584834,45.17344269,155.4883333,4,1,NULL,NULL,NULL,5,1
102,3,Hirshebelle,6,Hiraan,6,Beledweyne,NULL,NULL,Doonraaxo,158,158,158,1,0,31,2,0,,4.83866562,45.2154541,165,5,1,NULL,NULL,NULL,4,1
103,3,Hirshebelle,6,Hiraan,6,Beledweyne,NULL,NULL,Cadiley,100,100,100,1,0,48,2,0,,4.95879326,44.02217363,455,13,1,NULL,NULL,NULL,4,1
104,3,Hirshebelle,6,Hiraan,6,Beledweyne,10,87,Buulo kaxareey,124,124,124,1,0,27.7,2,0,,4.79586344,45.19296762,152,4,1,NULL,NULL,NULL,5,1
105,3,Hirshebelle,6,Hiraan,6,Beledweyne,10,87,Lebow,470,470,470,1,0,28.7,2,0,,4.79628471,45.19665179,170,4,1,NULL,NULL,NULL,5,1
106,3,Hirshebelle,6,Hiraan,6,Beledweyne,10,23,Buulokaahin,130,130,130,1,0,33.7,2,0,,4.79646263,45.18841021,153,3,1,NULL,NULL,NULL,5,1
107,3,Hirshebelle,6,Hiraan,6,Beledweyne,10,23,Shiimoow,230,230,230,1,0,32,2,0,,4.7336895,45.18189684,150,4,1,NULL,NULL,NULL,4,1
108,3,Hirshebelle,6,Hiraan,6,Beledweyne,10,23,Garasgaab,90,90,90,1,0,31,2,0,,4.76105354,45.18735812,142,5,1,NULL,NULL,NULL,5,1
109,3,Hirshebelle,6,Hiraan,6,Beledweyne,NULL,NULL,Kulanta,110,110,110,1,0,27.7,2,0,,4.840395735,45.21319832,153,9,1,NULL,NULL,NULL,4,1
110,3,Hirshebelle,6,Hiraan,6,Beledweyne,10,23,Bullo Timire,171,171,171,1,0,30,2,0,,4.72175045,45.18856235,158,5,1,NULL,NULL,NULL,5,1
111,3,Hirshebelle,6,Hiraan,6,Beledweyne,10,87,Buulomaraay,40,40,40,1,0,29.3,2,0,,4.7953734,45.20237656,156,5,1,NULL,NULL,NULL,5,1
112,3,Hirshebelle,6,Hiraan,6,Beledweyne,10,87,Burjada ,150,150,150,1,0,30.3,2,0,,4.832858602,45.22314697,152,8,1,NULL,NULL,NULL,4,1
113,3,Hirshebelle,6,Hiraan,6,Beledweyne,10,23,Lugbari ,70,70,70,1,0,32,2,0,,4.79519252,45.17541227,151,4,1,NULL,NULL,NULL,5,1
114,4,Jubaland,5,Gedo,7,Belet-Hawa,NULL,NULL,Qansaxley,235,235,205,1,0,28.33,1,0,,3.922779341,41.91508756,181,5,1,NULL,NULL,NULL,4,1
115,4,Jubaland,5,Gedo,7,Belet-Hawa,13,17,Tula Amin,1287,1287,850,3,0,30,2,0,,3.957454772,41.89290267,179,5,1,NULL,NULL,NULL,5,2
116,4,Jubaland,5,Gedo,7,Belet-Hawa,13,17,Labicad,170,170,140,1,0,31.67,2,0,,3.974420121,41.95294283,185,10,1,NULL,NULL,NULL,1,1
117,4,Jubaland,5,Gedo,7,Belet-Hawa,13,17,Qaranri,345,345,265,1,0,31.67,2,0,,3.892905861,41.88634316,190,5,1,NULL,NULL,NULL,4,1
118,4,Jubaland,5,Gedo,7,Belet-Hawa,13,17,Unsi,510,510,350,1,0,34,2,0,,4.023054312,41.95462978,161,5,1,NULL,NULL,NULL,5,1
119,4,Jubaland,5,Gedo,7,Belet-Hawa,13,17,Alla Amin,290,290,200,1,0,34.33,2,0,,3.95632904,41.92949345,185,5,1,NULL,NULL,NULL,1,1
120,4,Jubaland,5,Gedo,7,Belet-Hawa,13,17,Haji Garas,215,215,180,1,0,34.67,2,0,,3.961763238,41.96929643,179,5,1,NULL,NULL,NULL,4,1
121,4,Jubaland,5,Gedo,7,Belet-Hawa,13,17,Iidan,265,265,200,1,0,35.33,2,0,,3.960542623,41.92155554,189,5,1,NULL,NULL,NULL,1,1
122,4,Jubaland,5,Gedo,7,Belet-Hawa,NULL,NULL,Alangu,240,240,185,1,0,34.67,1,0,,3.967406019,41.98932549,173,5,1,NULL,NULL,NULL,1,1
123,4,Jubaland,5,Gedo,7,Belet-Hawa,NULL,NULL,Arabo,350,350,300,1,0,25.67,1,0,,3.945749821,41.92517392,185,7,1,NULL,NULL,NULL,4,1
124,4,Jubaland,5,Gedo,7,Belet-Hawa,NULL,NULL,Balet Hawa Town,1000,1000,1000,3,0,28,1,1,,3.92568497,41.8773762,196,5,1,NULL,NULL,NULL,2,3
125,4,Jubaland,5,Gedo,7,Belet-Hawa,NULL,NULL,Gawiido,587,587,467,1,0,10.67,1,1,,3.988149469,41.93051864,171,13,1,NULL,NULL,NULL,5,1
126,4,Jubaland,5,Gedo,7,Belet-Hawa,NULL,NULL,Loleys,315,315,315,1,0,30.67,1,0,,3.874273561,41.89427437,195,5,1,NULL,NULL,NULL,1,1
127,4,Jubaland,5,Gedo,7,Belet-Hawa,NULL,NULL,Malkariyey,413,413,350,1,0,11.67,1,1,,3.976621167,41.91524975,154,19,1,NULL,NULL,NULL,5,1
128,4,Jubaland,5,Gedo,7,Belet-Hawa,NULL,NULL,Najah,234,234,180,1,0,30.67,1,0,,3.88671482,41.85134201,221,7,1,NULL,NULL,NULL,1,1
129,4,Jubaland,5,Gedo,7,Belet-Hawa,NULL,NULL,Oda,378,378,336,1,0,29.33,1,0,,3.997481419,41.94385677,168,5,1,NULL,NULL,NULL,5,1
130,1,Banadir,2,Banadir,8,Bondhere,14,83,Kutuboqaad,750,750,750,3,NULL,23.7,2,1,,2.045605523,45.3451148,0,12,1,NULL,NULL,NULL,2,4
131,1,Banadir,2,Banadir,8,Bondhere,NULL,NULL,Umulqura,800,800,800,3,0,21.7,1,1,,2.046375275,45.34242916,-5,6,1,NULL,NULL,NULL,2,4
132,5,Puntland,10,Nugaal,9,Burtinle,NULL,NULL,Wadajir,2400,2400,2000,3,0,26.67,2,0,,7.64276078,47.82862282,481,5,1,NULL,NULL,NULL,2,2
133,5,Puntland,10,Nugaal,9,Burtinle,NULL,NULL,Ceelwayne,225,225,40,1,0,36.33,1,0,,7.736030491,47.62204665,525.6114022,4,1,NULL,NULL,NULL,1,1
134,5,Puntland,10,Nugaal,9,Burtinle,15,72,Jalam,550,550,500,1,0,26.67,1,0,,7.870566941,48.0393267,617.6016633,4,1,NULL,NULL,NULL,1,1
135,5,Puntland,10,Nugaal,9,Burtinle,15,86,Lacle,150,150,110,1,0,36.33,1,0,,7.627392871,48.20709881,510.189663,4,1,NULL,NULL,NULL,1,1
136,5,Puntland,10,Nugaal,9,Burtinle,15,52,Faratooyo,350,350,300,1,0,27,2,0,,7.536488366,47.77317546,439,5,1,NULL,NULL,NULL,1,1
137,5,Puntland,10,Nugaal,9,Burtinle,15,56,Godobyar,500,500,400,1,0,32.33,2,0,,7.630257178,47.63488638,444,13,1,NULL,NULL,NULL,1,1
138,5,Puntland,10,Nugaal,9,Burtinle,NULL,NULL,Xarxaar,500,500,300,1,0,25,2,0,,7.788277846,47.97195816,545,5,1,NULL,NULL,NULL,1,1
139,5,Puntland,10,Nugaal,9,Burtinle,NULL,NULL,Balidacar,60,60,40,1,0,33.67,1,0,,7.788578957,47.75393016,554.6200033,4,1,NULL,NULL,NULL,1,1
140,5,Puntland,10,Nugaal,9,Burtinle,NULL,NULL,Birricad,100,100,50,1,0,28.33,1,0,,7.827947822,48.31959207,574.085272,4,1,NULL,NULL,NULL,1,1
141,5,Puntland,10,Nugaal,9,Burtinle,NULL,NULL,Farjanno,280,280,60,1,0,22.33,1,0,,7.56563822,47.79132645,448.5616909,4,1,NULL,NULL,NULL,1,1
142,5,Puntland,10,Nugaal,9,Burtinle,NULL,NULL,Hawlwadag,3602,3602,3400,3,0,27.67,2,0,,7.644389444,47.82982263,467,5,1,NULL,NULL,NULL,2,2
143,5,Puntland,10,Nugaal,9,Burtinle,NULL,NULL,Hormar,1000,1000,600,3,0,23.67,2,0,,7.645996967,47.83345476,470,5,1,NULL,NULL,NULL,2,2
144,5,Puntland,10,Nugaal,9,Burtinle,NULL,NULL,Israac,1200,1200,900,3,0,25.67,2,0,,7.640250293,47.83533624,464,5,1,NULL,NULL,NULL,2,2
145,5,Puntland,10,Nugaal,9,Burtinle,NULL,NULL,Koryaal,105,105,75,1,0,35.33,1,0,,7.713472627,48.01137687,546.3686294,4,1,NULL,NULL,NULL,1,1
146,1,Banadir,2,Banadir,10,Daynile,17,82,Kurdamac,8000,8000,4000,3,0,25,2,1,,2.05621106,45.27268067,53,5,1,NULL,NULL,NULL,2,4
147,1,Banadir,2,Banadir,10,Daynile,NULL,NULL,Raadeer,6000,6000,4000,3,0,23.9,1,1,,2.05189847,45.29547284,76,5,1,NULL,NULL,NULL,2,4
148,2,Galmudug,4,Galguduud,12,Dhusamareb,18,105,Waberi,2100,2100,1500,3,0,21,2,0,,5.533634406,46.39048532,220,5,1,NULL,NULL,NULL,2,3
149,2,Galmudug,4,Galguduud,12,Dhusamareb,18,68,Horseed,1260,1260,800,3,0,20,2,0,,5.533519615,46.38491504,212,5,1,NULL,NULL,NULL,2,3
150,2,Galmudug,4,Galguduud,12,Dhusamareb,NULL,NULL,Wadajir,6000,6000,4650,3,0,26,1,0,,5.307347579,45.88809106,275,26,1,NULL,NULL,NULL,2,3
151,2,Galmudug,4,Galguduud,12,Dhusamareb,18,4,Afweyne Banan,175,175,160,1,0,31.33,1,0,,5.658986211,46.55300855,225.9856934,4,1,NULL,NULL,NULL,1,1
152,2,Galmudug,4,Galguduud,12,Dhusamareb,18,57,Godon,930,930,900,1,0,27.67,1,0,,5.694821739,46.67439381,230.6195362,4,1,NULL,NULL,NULL,1,1
153,2,Galmudug,4,Galguduud,12,Dhusamareb,18,112,Xundhure,170,170,150,1,0,27,1,0,,5.764857153,46.6441303,219.3800279,4,1,NULL,NULL,NULL,1,1
154,2,Galmudug,4,Galguduud,12,Dhusamareb,18,13,Baliad,350,350,300,1,0,30.67,2,0,,5.488300673,46.09545498,239.8999939,5,1,NULL,NULL,NULL,1,1
155,2,Galmudug,4,Galguduud,12,Dhusamareb,18,41,Dayah,4000,4000,3000,3,0,23.67,2,0,,5.537425666,46.37561297,215,5,1,NULL,NULL,NULL,2,3
156,2,Galmudug,4,Galguduud,12,Dhusamareb,18,48,Dumaaye,260,260,260,1,0,30.67,2,0,,5.398617494,46.12879886,221.8999939,5,1,NULL,NULL,NULL,1,1
157,2,Galmudug,4,Galguduud,12,Dhusamareb,18,90,Olol,320,320,270,1,0,28.67,2,0,,5.92170353,46.23876683,283.7000122,5,1,NULL,NULL,NULL,1,1
158,2,Galmudug,4,Galguduud,12,Dhusamareb,18,106,Waharadde,1704,1704,982,3,0,22,2,0,,5.540052596,46.39141805,218,5,1,NULL,NULL,NULL,1,3
159,2,Galmudug,4,Galguduud,12,Dhusamareb,18,62,Elbaraf,260,260,260,1,0,30,2,0,,5.236895545,45.821396,294,20,1,NULL,NULL,NULL,1,1
160,2,Galmudug,4,Galguduud,12,Dhusamareb,NULL,NULL,Laanle Guriceel,260,260,260,1,0,38,2,0,,5.399659951,45.69873749,318,5,1,NULL,NULL,NULL,1,1
161,2,Galmudug,4,Galguduud,12,Dhusamareb,18,62,Shalaqbeen Guriceel,300,300,300,1,0,32,2,0,,5.260161529,45.76554746,301,5,1,NULL,NULL,NULL,1,2
162,2,Galmudug,4,Galguduud,12,Dhusamareb,18,62,Kaah Community,530,530,463,3,0,28,2,0,,5.311076897,45.8775628,265,7,1,NULL,NULL,NULL,2,3
163,2,Galmudug,4,Galguduud,12,Dhusamareb,NULL,NULL,Bilan,550,550,376,3,0,27,2,0,,5.303760963,45.87027406,266,8,1,NULL,NULL,NULL,2,3
164,2,Galmudug,4,Galguduud,12,Dhusamareb,18,47,Dudumacade,200,200,200,1,0,33,2,0,,5.58107845,46.3426974,232,5,1,NULL,NULL,NULL,1,1
165,2,Galmudug,4,Galguduud,12,Dhusamareb,NULL,NULL,Baag,300,300,300,1,0,30,1,0,,5.21245444,45.88880609,275.7861328,3.216,1,NULL,NULL,NULL,1,1
166,2,Galmudug,4,Galguduud,12,Dhusamareb,NULL,NULL,Beer Abdi Farah,180,180,160,1,0,36,1,0,,5.417417897,46.49563236,200.8596105,4,1,NULL,NULL,NULL,1,1
167,2,Galmudug,4,Galguduud,12,Dhusamareb,NULL,NULL,Biyoguduud,530,530,530,1,0,27,1,0,,5.02175909,45.95492734,234.2697754,3.216,1,NULL,NULL,NULL,1,1
168,2,Galmudug,4,Galguduud,12,Dhusamareb,NULL,NULL,Bohol,190,190,170,1,0,30.33,1,0,,5.749254027,46.23307373,266.7552008,4,1,NULL,NULL,NULL,1,1
169,2,Galmudug,4,Galguduud,12,Dhusamareb,NULL,NULL,Calalaale,430,430,430,1,0,21,1,0,,5.469307029,45.87405204,272,5,1,NULL,NULL,NULL,1,1
170,2,Galmudug,4,Galguduud,12,Dhusamareb,NULL,NULL,Dabare,750,750,750,1,0,24,1,0,,5.07483344,45.96040269,232.8806763,3.216,1,NULL,NULL,NULL,1,1
171,2,Galmudug,4,Galguduud,12,Dhusamareb,NULL,NULL,Faragoy,170,170,160,1,0,34,1,0,,5.471001016,46.52667731,208.2416036,4,1,NULL,NULL,NULL,1,1
172,2,Galmudug,4,Galguduud,12,Dhusamareb,NULL,NULL,Haadfuul,155,155,145,1,0,29,1,0,,5.566858132,46.5911403,188.2067437,4,1,NULL,NULL,NULL,1,1
173,2,Galmudug,4,Galguduud,12,Dhusamareb,NULL,NULL,Higlale,160,160,150,1,0,29.67,1,0,,5.504493621,46.50334915,183.2741325,4,1,NULL,NULL,NULL,1,1
174,2,Galmudug,4,Galguduud,12,Dhusamareb,NULL,NULL,Howlwadaag Guriceel,5000,5000,4220,3,0,20,1,0,,5.30963215,45.88106937,265,5,1,NULL,NULL,NULL,2,3
175,2,Galmudug,4,Galguduud,12,Dhusamareb,NULL,NULL,Laasxadow,145,145,130,1,0,31.67,1,0,,5.677099516,46.23553375,241.129912,4,1,NULL,NULL,NULL,1,1
176,7,South West,1,Bakool,13,Elbarde,NULL,NULL,Ceelwayne,200,200,200,1,0,29.33,2,0,,4.910644297,43.80414885,503,11,1,NULL,NULL,NULL,4,1
177,7,South West,1,Bakool,13,Elbarde,20,26,Xamudhgob,195,195,180,1,NULL,30.67,2,0,,NULL,NULL,NULL,NULL,1,NULL,NULL,NULL,4,1
178,7,South West,1,Bakool,13,Elbarde,20,26,Abesaale,300,300,280,1,0,29.67,2,0,,4.904481713,44.52035137,329,12,1,NULL,NULL,NULL,4,1
179,7,South West,1,Bakool,13,Elbarde,19,33,Cadayle,120,120,120,1,0,29.67,2,0,,4.95879326,44.02217363,455,13,1,NULL,NULL,NULL,1,1
180,7,South West,1,Bakool,13,Elbarde,19,33,Diidow,150,150,150,1,0,30.67,2,0,,4.900596156,43.8974116,505,11,1,NULL,NULL,NULL,1,1
181,7,South West,1,Bakool,13,Elbarde,NULL,NULL,Elmagad,340,340,300,1,0,28.33,2,0,,4.918353092,44.39584751,364,5,1,NULL,NULL,NULL,4,1
182,7,South West,1,Bakool,13,Elbarde,20,26,Figta,280,280,230,1,0,29.33,2,0,,4.957296797,44.10231678,421,16,1,NULL,NULL,NULL,4,1
183,7,South West,1,Bakool,13,Elbarde,20,26,Garidab,175,175,150,1,0,29.33,2,0,,4.820687072,43.82200305,479,13,1,NULL,NULL,NULL,4,1
184,7,South West,1,Bakool,13,Elbarde,19,26,Haarcad,120,120,120,1,0,27.67,2,0,,4.974385318,43.92953315,432,14,1,NULL,NULL,NULL,1,1
185,7,South West,1,Bakool,13,Elbarde,NULL,NULL,Higlowayn,130,130,130,1,0,27.33,2,0,,4.846350071,43.70384655,461,15,1,NULL,NULL,NULL,4,1
186,7,South West,1,Bakool,13,Elbarde,20,26,Lanbar,165,165,130,1,0,30.67,2,0,,4.841123745,43.86950472,501,11,1,NULL,NULL,NULL,1,1
187,7,South West,1,Bakool,13,Elbarde,NULL,NULL,Quracjome,1050,1050,900,3,0,29.33,2,0,,4.944175556,44.29993783,394,5,1,NULL,NULL,NULL,4,2
188,7,South West,1,Bakool,13,Elbarde,NULL,NULL,Ayeyo,150,150,150,1,0,25.67,1,0,,4.828173076,43.70995184,478,5,1,NULL,NULL,NULL,4,1
189,7,South West,1,Bakool,13,Elbarde,NULL,NULL,Bali Ade,180,180,180,1,0,25,1,0,,4.553661221,43.05599819,338,16,1,NULL,NULL,NULL,4,1
190,7,South West,1,Bakool,13,Elbarde,NULL,NULL,Biyaqabobe,220,220,180,1,0,23,1,0,,4.804897117,43.68286899,452,5,1,NULL,NULL,NULL,4,1
191,7,South West,1,Bakool,13,Elbarde,NULL,NULL,Dhuuray,450,450,350,1,0,26,1,0,,4.263126939,42.91814354,238,20,1,NULL,NULL,NULL,1,1
192,7,South West,1,Bakool,13,Elbarde,NULL,NULL,Eldhere,210,210,280,1,0,24.67,1,0,,4.92678185,43.83820879,480,5,1,NULL,NULL,NULL,1,1
193,7,South West,1,Bakool,13,Elbarde,NULL,NULL,Gargar,400,400,0,3,0,22.67,1,0,,4.825890558,43.67146047,464,5,1,NULL,NULL,NULL,2,2
194,7,South West,1,Bakool,13,Elbarde,NULL,NULL,Habow,130,130,130,1,0,24.67,1,0,,4.583891267,43.14784583,338,25,1,NULL,NULL,NULL,1,1
195,7,South West,1,Bakool,13,Elbarde,NULL,NULL,Omar Sahil,80,80,75,1,0,24,1,0,,4.839764703,43.59922011,435,5,1,NULL,NULL,NULL,1,1
196,7,South West,1,Bakool,13,Elbarde,NULL,NULL,Washaaqo,800,800,650,1,0,25.67,1,0,,4.325916613,42.97361062,276,17,1,NULL,NULL,NULL,4,1
197,7,South West,1,Bakool,13,Elbarde,NULL,NULL,Yeed Town,2300,2300,2000,3,0,18.67,1,0,,4.541286347,43.02358327,289,29,1,NULL,NULL,NULL,4,2
198,5,Puntland,9,Mudug,14,Galdogob,21,91,Qansaxley,300,300,200,1,0,24.33,2,0,,7.115204735,47.09750375,377.7322093,4,1,NULL,NULL,NULL,1,1
199,5,Puntland,9,Mudug,14,Galdogob,NULL,NULL,Horseed,1260,1260,1200,3,0,22.67,2,0,,7.03089146,47.01626344,333,3.216,1,NULL,NULL,NULL,2,2
200,5,Puntland,9,Mudug,14,Galdogob,NULL,NULL,Hawlwadag,1500,1500,1000,3,0,24,2,0,,7.034661174,47.01608941,360.6777625,4,1,NULL,NULL,NULL,2,2
201,5,Puntland,9,Mudug,14,Galdogob,21,6,Axmedkhayr,50,50,50,1,0,37,1,0,,7.165131667,47.02923833,385.1,9.8,1,NULL,NULL,NULL,1,1
202,5,Puntland,9,Mudug,14,Galdogob,21,70,Isqanbuus,50,50,50,1,0,36.67,1,0,,7.117225,47.15262,387.3,7.6,1,NULL,NULL,NULL,1,1
203,5,Puntland,9,Mudug,14,Galdogob,21,97,Riigomane,280,280,280,1,0,36.67,1,0,,7.203316667,47.19252667,411.8,7.4,1,NULL,NULL,NULL,1,1
204,5,Puntland,9,Mudug,14,Galdogob,21,21,Bursalax,8610,8610,8000,3,0,23.67,2,0,,7.17166869,47.24388458,346,3.216,1,NULL,NULL,NULL,2,2
205,5,Puntland,9,Mudug,14,Galdogob,21,111,Xirojaale,350,350,350,1,0,29,2,0,,6.985550115,47.18801387,349.4880068,4,1,NULL,NULL,NULL,1,1
206,5,Puntland,9,Mudug,14,Galdogob,NULL,NULL,Daarasalaam,600,600,500,3,0,37,1,0,,7.259803333,47.10802333,415.2,7.4,1,NULL,NULL,NULL,2,2
207,5,Puntland,9,Mudug,14,Galdogob,NULL,NULL,Jeexo,60,60,60,1,0,37.33,1,0,,7.153675,47.13036167,385.2,8.5,1,NULL,NULL,NULL,1,1
208,5,Puntland,9,Mudug,14,Galdogob,NULL,NULL,Sayidka,1500,1500,1300,3,0,25.33,2,0,,7.034288357,47.02365931,350.5397275,4,1,NULL,NULL,NULL,2,2
209,5,Puntland,9,Mudug,14,Galdogob,NULL,NULL,Waaberi,350,350,1200,3,0,23.67,2,0,,7.03019547,47.02184012,351,4.288,1,NULL,NULL,NULL,2,2
210,5,Puntland,9,Mudug,15,Galkaayo,22,19,Bitaale,700,700,600,1,0,25,2,1,,6.705346667,47.83332833,241.4,7.4,1,NULL,NULL,NULL,1,1
211,5,Puntland,9,Mudug,15,Galkaayo,22,44,Docolefarale Carfuuda,565,565,370,1,0,29.67,2,0,,6.667103333,47.55238333,248.2,7.7,1,NULL,NULL,NULL,1,1
212,5,Puntland,9,Mudug,15,Galkaayo,22,79,Kalcad,265,265,250,1,0,28,1,0,,6.476525338,47.75890938,159.8000031,4.5,1,NULL,NULL,NULL,1,1
213,5,Puntland,9,Mudug,15,Galkaayo,22,96,Rasan,170,170,110,1,0,28,1,0,,6.621822151,47.63658246,204,4.5,1,NULL,NULL,NULL,1,1
214,5,Puntland,9,Mudug,15,Galkaayo,22,14,Bandarqaali,630,630,600,1,0,25,2,1,,6.624750537,47.84855492,193,5,1,NULL,NULL,NULL,1,1
215,5,Puntland,9,Mudug,15,Galkaayo,NULL,NULL,Qarqora,155,155,120,1,0,25.67,2,0,,6.74004328,47.69904776,234,5,1,NULL,NULL,NULL,1,1
216,5,Puntland,9,Mudug,15,Galkaayo,22,40,Dawaaf,240,240,210,1,0,28,1,0,,6.526514087,47.67972596,188.1000061,5,1,NULL,NULL,NULL,1,1
217,5,Puntland,9,Mudug,15,Galkaayo,22,110,Xinduugan,90,90,80,1,0,30,1,0,,6.500975895,47.72294624,169.5,5,1,NULL,NULL,NULL,1,1
218,5,Puntland,9,Mudug,15,Galkaayo,26,39,Dagaari,670,670,650,1,0,26.3,2,0,,6.55255776,47.28161019,235,5,1,NULL,NULL,NULL,1,1
219,5,Puntland,9,Mudug,15,Galkaayo,26,39,El aqwaan,420,420,360,1,NULL,27,2,0,,6.69408112,47.37989013,242,5,1,NULL,NULL,NULL,1,1
220,5,Puntland,9,Mudug,15,Galkaayo,NULL,NULL,Jilabe,550,550,500,1,0,29.3,2,0,,6.40676723,47.84487165,165,5,1,NULL,NULL,NULL,1,1
221,5,Puntland,9,Mudug,15,Galkaayo,NULL,NULL,Bandarseed ,1000,1000,850,1,0,33,2,0,,6.42600896,47.97378881,144,5,1,NULL,NULL,NULL,1,1
222,5,Puntland,9,Mudug,15,Galkaayo,NULL,NULL,Qarsoni ,330,330,250,1,0,31.7,2,0,,6.53897245,47.66307817,187,5,1,NULL,NULL,NULL,1,1
223,1,Banadir,2,Banadir,16,Hamarwen,29,104,Horseed,1040,1040,1040,3,1,24,2,1,,2.0330978,45.33985652,-22,4.288,1,NULL,NULL,NULL,3,4
224,1,Banadir,2,Banadir,16,Hamarwen,NULL,NULL,Gubanimo,750,750,375,3,0,21,2,0,,2.03272965,45.34219638,-13,4,1,NULL,NULL,NULL,3,4
225,1,Banadir,2,Banadir,16,Hamarwen,29,104,Hilaac,1090,1090,600,3,1,24.33,2,1,,2.0374237,45.34178896,-32,4.288,1,NULL,NULL,NULL,3,4
226,1,Banadir,2,Banadir,16,Hamarwen,29,104,Kacaan,1040,1040,640,3,1,23.33,2,0,,2.03108431,45.34052902,-14,4.288,1,NULL,NULL,NULL,3,4
227,5,Puntland,9,Mudug,17,Hobyo,27,109,Xerodhagahley,5100,5100,5000,1,0,33,2,1,,5.57915946,48.24011374,44,5,1,NULL,NULL,NULL,1,1
228,5,Puntland,9,Mudug,17,Hobyo,27,109,Afgaduudle,740,740,700,1,0,31,2,1,,5.75836564,48.03515955,33,5,1,NULL,NULL,NULL,1,1
229,5,Puntland,9,Mudug,17,Hobyo,27,109,Xaaro,900,900,800,1,0,34,2,1,,5.81668871,48.18461914,76,5,1,NULL,NULL,NULL,1,1
230,1,Banadir,2,Banadir,18,Hodan,31,5,Ahmed Gurey,4000,4000,3600,3,0,25.67,2,1,,2.03432882,45.3199339,-10,5,1,NULL,NULL,NULL,2,4
231,1,Banadir,2,Banadir,18,Hodan,NULL,NULL,Taleex,5000,5000,4500,3,0,18.6,1,0,,2.04300675,45.30986047,8,5,1,NULL,NULL,NULL,2,4
232,1,Banadir,2,Banadir,19,Holwadag,32,99,Saqawudin,6000,6000,5000,3,0,30.12,2,1,,2.03913594,45.32967805,-10,5,1,NULL,NULL,NULL,2,4
233,1,Banadir,2,Banadir,19,Holwadag,NULL,NULL,Hawo Tako,9000,9000,9000,3,0,22.15,1,0,,2.0519386,45.32559286,27,5,1,NULL,NULL,NULL,2,4
234,7,South West,1,Bakool,20,Hudur,33,33,Tawakal,375,375,351,1,0,31.67,2,0,,4.21835451,43.90443162,509,4.5509996,1,NULL,NULL,NULL,4,1
235,7,South West,1,Bakool,20,Hudur,33,33,Ilin,1305,1305,1220,1,0,36.67,2,0,,4.20546703,43.86496735,486.2999878,4.5,1,NULL,NULL,NULL,4,1
236,7,South West,1,Bakool,20,Hudur,33,26,Doonfuul,241,241,209,1,0,37,2,0,,4.183633333,43.99575667,498.7,4.5,1,NULL,NULL,NULL,4,1
237,7,South West,1,Bakool,20,Hudur,33,26,Korey,263,263,206,1,0,41.33,2,0,,4.2162175,43.9657525,510.8,3.239,1,NULL,NULL,NULL,4,1
238,7,South West,1,Bakool,20,Hudur,34,26,Kulunta,178,178,151,1,0,20.33,2,0,,4.170382898,43.79808127,470.7000122,5,1,NULL,NULL,NULL,4,1
239,7,South West,1,Bakool,20,Hudur,33,33,Osbo Eli,152,152,147,1,0,22.67,2,0,,4.11710203,43.82072192,471,4.5509996,1,NULL,NULL,NULL,4,1
240,7,South West,1,Bakool,20,Hudur,33,33,Shidle,275,275,251,1,0,22.33,2,0,,4.119411455,43.88205981,450.3999939,5,1,NULL,NULL,NULL,4,1
241,7,South West,1,Bakool,20,Hudur,33,33,Falanfaay,191,191,178,1,0,23.33,2,0,,4.04316995,43.82364845,498,4.5509996,1,NULL,NULL,NULL,4,1
242,7,South West,1,Bakool,20,Hudur,33,26,Shillow,397,397,386,1,0,32.33,1,0,,4.16037175,43.85425256,482,4.5509996,1,NULL,NULL,NULL,4,1
243,7,South West,1,Bakool,20,Hudur,33,26,Gabiney,310,310,253,1,0,32.67,2,0,,4.123683795,43.91412076,466.6000061,5,1,NULL,NULL,NULL,4,1
244,7,South West,1,Bakool,20,Hudur,33,33,Tuboy,142,142,129,1,0,25,2,0,,4.13019637,43.84211508,467,4.5509996,1,NULL,NULL,NULL,4,1
245,7,South West,1,Bakool,20,Hudur,33,26,Gomore,234,234,0,1,0,31,2,0,,4.2172423,43.9005784,516.8,4.307,1,NULL,NULL,NULL,4,1
246,7,South West,1,Bakool,20,Hudur,NULL,NULL,Buule,228,228,195,1,0,36.33,1,0,,4.12427,43.96627833,451.8,4.9,1,NULL,NULL,NULL,4,1
247,7,South West,1,Bakool,20,Hudur,NULL,NULL,Fajer Bore,308,308,267,1,0,33,1,0,,4.197218333,43.858215,532,4.6,1,NULL,NULL,NULL,4,1
248,7,South West,1,Bakool,20,Hudur,NULL,NULL,Lukuguurow,181,181,150,1,0,33,1,0,,4.11753185,43.78358434,469,4.5509996,1,NULL,NULL,NULL,4,1
249,7,South West,1,Bakool,20,Hudur,NULL,NULL,Qurale,1253,1253,847,3,0,26.67,1,0,,4.150241667,43.770475,474.1,4.2,1,NULL,NULL,NULL,2,2
250,7,South West,1,Bakool,20,Hudur,NULL,NULL,Shiidalow,224,224,201,1,0,32,2,0,,4.21446274,43.91125039,515,4.5509996,1,NULL,NULL,NULL,4,1
251,7,South West,1,Bakool,20,Hudur,NULL,NULL,War Galole,177,177,158,1,0,31,1,0,,4.1286451,43.9766871,461.6,4.069,1,NULL,NULL,NULL,4,1
252,1,Banadir,2,Banadir,21,Kahda,36,26,Geedole,963,963,23,3,0,33.33,2,0,,2.05539132,45.26632038,47,3,1,NULL,NULL,NULL,2,2
253,1,Banadir,2,Banadir,21,Kahda,36,26,Aligoley,1312,1312,1134,3,0,30.33,2,0,,2.050892567,45.26023746,26.87699564,4,1,NULL,NULL,NULL,2,2
254,1,Banadir,2,Banadir,21,Kahda,38,33,Alkowsar,775,775,0,3,0,33.67,2,0,,2.061456588,45.22914148,48.2576468,4,1,NULL,NULL,NULL,2,2
255,1,Banadir,2,Banadir,21,Kahda,37,33,Banaaney Two,1248,1248,0,3,0,32.33,2,0,,2.060723303,45.2306952,85.78502665,4,1,NULL,NULL,NULL,2,2
256,1,Banadir,2,Banadir,21,Kahda,37,33,Gorgor,800,800,127,3,0,31.33,2,0,,2.04710282,45.25710477,66.79581922,4,1,NULL,NULL,NULL,2,2
257,1,Banadir,2,Banadir,21,Kahda,35,26,Barkulanabaadir,1750,1750,1714,3,0,31.67,2,0,,2.038555503,45.24172046,64.41674607,4,1,NULL,NULL,NULL,2,2
258,1,Banadir,2,Banadir,21,Kahda,38,33,Kaamil,1992,1992,0,3,1,34.67,2,0,,2.06407404,45.24395731,71.42696567,4,1,NULL,NULL,NULL,2,2
259,1,Banadir,2,Banadir,21,Kahda,36,26,Bismilahi,746,746,0,3,0,31,2,0,,2.051376299,45.2595977,52.20387859,4,1,NULL,NULL,NULL,2,2
260,1,Banadir,2,Banadir,21,Kahda,35,26,Dhakajo,1040,1040,948,3,0,31.67,2,0,,2.049485378,45.25954151,14.49354116,4,1,NULL,NULL,NULL,2,2
261,1,Banadir,2,Banadir,21,Kahda,38,33,Samadeq,1250,1250,0,3,1,34.33,2,0,,2.06243475,45.24447052,83,5,1,NULL,NULL,NULL,2,2
262,1,Banadir,2,Banadir,21,Kahda,35,26,Farjanoabaadir,1225,1225,864,3,0,33,2,0,,2.035530597,45.2387092,31.86761101,4,1,NULL,NULL,NULL,2,2
263,1,Banadir,2,Banadir,21,Kahda,37,33,Aalafuto,280,280,0,3,1,33,2,0,,2.06284235,45.24385286,76,5,1,NULL,NULL,NULL,2,2
264,1,Banadir,2,Banadir,21,Kahda,NULL,NULL,Alasuge,353,353,0,3,0,18.33,1,0,,2.06836336,45.23323111,88,6,1,NULL,NULL,NULL,2,2
265,1,Banadir,2,Banadir,21,Kahda,NULL,NULL,Bakar,874,874,812,3,1,20.33,1,0,,2.0570222,45.26630289,51,5,1,NULL,NULL,NULL,2,2
266,1,Banadir,2,Banadir,21,Kahda,NULL,NULL,Barwaqo,825,825,0,3,0,20.33,1,0,,2.05396051,45.26452107,53,9,1,NULL,NULL,NULL,2,2
267,1,Banadir,2,Banadir,21,Kahda,NULL,NULL,Degan,685,685,0,3,0,18,1,0,,2.05836965,45.26267202,80,5,1,NULL,NULL,NULL,2,2
268,1,Banadir,2,Banadir,21,Kahda,NULL,NULL,Dugsilow,275,275,0,3,1,17.67,1,0,,2.05642213,45.26274163,65,5,1,NULL,NULL,NULL,2,2
269,1,Banadir,2,Banadir,21,Kahda,NULL,NULL,Golweyn,198,198,0,3,1,21,1,0,,2.05722773,45.26803618,16,5,1,NULL,NULL,NULL,2,2
270,1,Banadir,2,Banadir,21,Kahda,NULL,NULL,Hagardiid,149,149,0,3,1,18.67,1,0,,2.047565244,45.25751123,52.71989317,4,1,NULL,NULL,NULL,2,2
271,1,Banadir,2,Banadir,21,Kahda,NULL,NULL,Miskiinow,134,134,0,3,1,18,1,0,,2.057510196,45.26732097,24.0556946,4,1,NULL,NULL,NULL,2,2
272,1,Banadir,2,Banadir,21,Kahda,NULL,NULL,Muruqmal,178,178,0,3,0,20,1,0,,2.05675502,45.2653312,37,3,1,NULL,NULL,NULL,2,2
273,1,Banadir,2,Banadir,21,Kahda,NULL,NULL,Rajowanaag,250,250,0,3,1,22.33,1,0,,2.04879,45.25830833,64.8,7.6,1,NULL,NULL,NULL,2,2
274,1,Banadir,2,Banadir,21,Kahda,NULL,NULL,Sumayo,172,172,0,3,0,19.67,1,0,,2.05193097,45.25657619,64,4.288,1,NULL,NULL,NULL,2,2
275,1,Banadir,2,Banadir,21,Kahda,NULL,NULL,Xoogyare,169,169,0,3,1,23.33,1,0,,2.057383325,45.26779133,64.4701799,4,1,NULL,NULL,NULL,2,2
276,1,Banadir,2,Banadir,22,Karaan,NULL,NULL,Dayah,1145,1145,1145,3,NULL,25,1,0,,2.056126404,45.35688995,35,8,1,NULL,NULL,NULL,2,4
277,1,Banadir,2,Banadir,22,Karaan,40,22,Buulo Eyle,2400,2400,2400,3,0,27,2,0,,2.058913177,45.36715938,4,7,1,NULL,NULL,NULL,2,4
278,1,Banadir,2,Banadir,22,Karaan,NULL,NULL,Cadceed,880,880,800,3,0,23.33,2,0,,2.051520087,45.36071084,-20,34,1,NULL,NULL,NULL,2,4
279,1,Banadir,2,Banadir,22,Karaan,NULL,NULL,Danan,820,820,700,3,0,17.33,1,1,,2.05149557,45.36065829,3,27,1,NULL,NULL,NULL,2,4
280,1,Banadir,2,Banadir,22,Karaan,NULL,NULL,Dirir,950,950,850,3,0,22.33,2,0,,2.051441004,45.36056743,-24,32,1,NULL,NULL,NULL,2,4
281,1,Banadir,2,Banadir,22,Karaan,NULL,NULL,Godey,1200,1200,1200,3,0,26.67,1,0,,2.052503452,45.35628637,-5,11,1,NULL,NULL,NULL,2,4
282,1,Banadir,2,Banadir,22,Karaan,NULL,NULL,Mahmoud Ahmed Ali,1385,1385,1385,3,0,25,1,1,,2.05586317,45.35604749,29,9,1,NULL,NULL,NULL,2,4
283,1,Banadir,2,Banadir,22,Karaan,NULL,NULL,Onkod,680,680,600,3,0,17.33,1,1,,2.051542257,45.36057422,23,36,1,NULL,NULL,NULL,2,4
284,4,Jubaland,8,Lower Juba,23,Kismayo,41,80,Gobweyn,506,506,400,1,0,26.33,2,0,,-0.251488333,42.60190833,5.7,4.9,1,NULL,NULL,NULL,5,1
285,4,Jubaland,8,Lower Juba,23,Kismayo,41,80,Shaqalaha,13000,13000,10000,3,0,30.33,2,0,,-0.36018475,42.54201199,-19,5,1,NULL,NULL,NULL,2,3
286,4,Jubaland,8,Lower Juba,23,Kismayo,41,80,Yontoy,487,487,387,1,0,31.33,2,0,,-0.118506667,42.56042167,-21.8,4.7,1,NULL,NULL,NULL,5,1
287,4,Jubaland,8,Lower Juba,23,Kismayo,41,80,Qamqam,874,874,774,1,0,23.5,2,0,,-0.202211667,42.60440167,-2.5,5,1,NULL,NULL,NULL,4,1
288,4,Jubaland,8,Lower Juba,23,Kismayo,NULL,NULL,Bulabartire Idps,275,275,0,1,1,23,1,0,,-0.194798333,42.58552333,-5.3,4.9,1,NULL,NULL,NULL,4,1
289,4,Jubaland,8,Lower Juba,23,Kismayo,NULL,NULL,Bulagadut,1250,1250,1000,1,0,24,2,0,,-0.072745,42.57251333,6.4,3.8,1,NULL,NULL,NULL,4,1
290,4,Jubaland,8,Lower Juba,23,Kismayo,NULL,NULL,Calanley,13780,13780,11713,3,0,23.33,1,1,,-0.3613271,42.53554858,-31,7,1,NULL,NULL,NULL,3,3
291,4,Jubaland,8,Lower Juba,23,Kismayo,NULL,NULL,Fanoole,6700,6700,6030,3,0,25.3,1,1,,-0.359375,42.549135,59.7,5,1,NULL,NULL,NULL,3,3
292,4,Jubaland,8,Lower Juba,23,Kismayo,NULL,NULL,Farjano,19997,19997,12998,3,0,25.33,1,1,,-0.352108333,42.55252833,1.5,4.8,1,NULL,NULL,NULL,3,3
293,4,Jubaland,8,Lower Juba,23,Kismayo,NULL,NULL,Gulwado,9909,9909,9116,3,0,13.5,1,0,,-0.353211667,42.54294167,50.3,4.9,1,NULL,NULL,NULL,4,3
294,6,Somaliland,12,Sool,24,Lascanod,42,84,Adhicadeeye,503,503,303,3,0,33,2,0,,8.66704957,47.15801687,617.6257324,3.216,1,NULL,NULL,NULL,1,2
295,6,Somaliland,12,Sool,24,Lascanod,42,84,Daryare,260,260,240,1,0,30.67,2,0,,8.52516932,47.56274733,560.2979736,4.288,1,NULL,NULL,NULL,4,1
296,6,Somaliland,12,Sool,24,Lascanod,42,84,Karindabeylweyn Qarbibayax,400,400,300,3,0,40.67,2,0,,8.11544097,47.53939932,694.1594238,3.216,1,NULL,NULL,NULL,1,2
297,6,Somaliland,12,Sool,24,Lascanod,42,84,Waqdariya Odagooye,250,250,250,3,0,31,2,0,,8.43630094,47.32996939,698.4602051,3.216,1,NULL,NULL,NULL,6,3
298,6,Somaliland,12,Sool,24,Lascanod,42,84,Kabaalka Canjiid,280,280,180,1,0,41.33,2,0,,8.4645934,47.17924343,785.2102051,4.288,1,NULL,NULL,NULL,1,1
299,6,Somaliland,12,Sool,24,Lascanod,NULL,NULL,Gumeys,400,400,200,1,0,18.67,1,0,,8.8483979,46.80262999,653.5982666,3.216,1,NULL,NULL,NULL,1,1
300,6,Somaliland,12,Sool,24,Lascanod,NULL,NULL,Kalabaydh,380,380,230,3,0,24,1,0,,8.24132479,47.22775344,732.6956787,3.216,1,NULL,NULL,NULL,1,2
301,6,Somaliland,12,Sool,24,Lascanod,NULL,NULL,Tukoraq,350,350,230,3,0,25,1,0,,NULL,NULL,NULL,NULL,1,NULL,NULL,NULL,1,2
302,6,Somaliland,12,Sool,24,Lascanod,42,84,Yagoori/samakaab,420,420,340,3,0,33,2,0,,8.7513746,46.96440204,634.0356445,4.288,1,NULL,NULL,NULL,1,2
303,4,Jubaland,5,Gedo,25,Luuq,44,88,Buyle,1528,1528,0,3,1,30.33,2,1,,3.780904737,42.55961503,117.1758318,4,1,NULL,NULL,NULL,4,3
304,4,Jubaland,5,Gedo,25,Luuq,44,88,Cakaaro,1822,1822,364,3,1,27.33,2,0,,3.781000863,42.54973097,110.6523824,4,1,NULL,NULL,NULL,4,3
305,4,Jubaland,5,Gedo,25,Luuq,44,88,Luuq Godey,297,297,297,1,0,37,2,1,,3.797303656,42.55315556,114.7763573,4,1,NULL,NULL,NULL,5,1
306,4,Jubaland,5,Gedo,25,Luuq,44,88,Xero Kowaad,1795,1795,1436,1,0,27.33,2,0,,3.794320913,42.53333248,75.41316922,4,1,NULL,NULL,NULL,5,1
307,4,Jubaland,5,Gedo,25,Luuq,44,88,Jazera All,8568,8568,2570,3,1,27.33,2,1,,3.803831681,42.54860752,143.1193744,4,1,NULL,NULL,NULL,4,3
308,4,Jubaland,5,Gedo,25,Luuq,NULL,NULL,Arabiya,300,300,300,1,0,27,1,0,,3.772946667,42.515365,164.2,4.1,1,NULL,NULL,NULL,5,1
309,4,Jubaland,5,Gedo,25,Luuq,NULL,NULL,Banmudule,300,300,300,1,0,25,1,0,,3.758756667,42.556675,151.7,4.8,1,NULL,NULL,NULL,5,1
310,4,Jubaland,5,Gedo,25,Luuq,NULL,NULL,Qasale,290,290,290,1,0,27,1,0,,3.83328,42.54462167,153.3,4.1,1,NULL,NULL,NULL,4,1
311,4,Jubaland,5,Gedo,25,Luuq,NULL,NULL,Suul Alle,350,350,350,1,0,25,1,0,,3.813926667,42.5217,145.3,4.9,1,NULL,NULL,NULL,4,1
312,3,Hirshebelle,6,Hiraan,26,Mataban,12,89,Mataban Town,850,850,650,3,0,31,2,0,,5.20174458,45.5253092,401,4.288,1,NULL,NULL,NULL,2,3
313,3,Hirshebelle,6,Hiraan,26,Mataban,12,18,Bergadid,595,595,595,1,0,29,2,1,,5.08275663,45.3138498,308.532255,8,1,NULL,NULL,NULL,1,1
314,3,Hirshebelle,6,Hiraan,26,Mataban,12,54,Gerijir,400,400,400,1,0,29,2,0,,5.43639109,45.51553756,390,3.216,1,NULL,NULL,NULL,1,1
315,3,Hirshebelle,6,Hiraan,26,Mataban,12,64,Harqaboobe,410,410,410,1,0,29,2,1,,5.14119449,45.30208996,314.1211645,6,1,NULL,NULL,NULL,1,1
316,3,Hirshebelle,6,Hiraan,26,Mataban,12,94,Qodqod,600,600,600,1,0,29,2,0,,5.080989208,45.68307721,349.0576107,4,1,NULL,NULL,NULL,1,1
317,3,Hirshebelle,6,Hiraan,26,Mataban,12,20,Bundomadow,230,230,230,1,0,23,2,1,,5.107513116,45.35050048,338.0011478,4,1,NULL,NULL,NULL,1,1
318,3,Hirshebelle,6,Hiraan,26,Mataban,NULL,NULL,Baarkurtun,390,390,390,1,0,17,1,0,,5.35507699,45.41133179,433,4.288,1,NULL,NULL,NULL,1,1
319,3,Hirshebelle,6,Hiraan,26,Mataban,NULL,NULL,Elmijowle,350,350,350,1,0,16,1,0,,5.236542934,45.68339852,337.523425,4,1,NULL,NULL,NULL,1,1
320,3,Hirshebelle,6,Hiraan,26,Mataban,NULL,NULL,Jiracle,180,180,180,1,0,19,1,1,,5.039558333,45.289925,304.5,7.8,1,NULL,NULL,NULL,1,1
321,3,Hirshebelle,6,Hiraan,26,Mataban,NULL,NULL,Kanecale,70,70,70,1,0,19,1,1,,5.062245225,45.30290064,295.7965775,4,1,NULL,NULL,NULL,1,1
322,3,Hirshebelle,6,Hiraan,26,Mataban,NULL,NULL,Mirqudo,75,75,75,1,0,18,1,1,,5.090126684,45.44331238,412.7485141,6,1,NULL,NULL,NULL,1,1
323,3,Hirshebelle,6,Hiraan,26,Mataban,NULL,NULL,Qobno,150,150,150,1,0,17,1,1,,5.146255429,45.41977866,426.4735921,4,1,NULL,NULL,NULL,1,1
324,3,Hirshebelle,6,Hiraan,26,Mataban,NULL,NULL,Quulaale,125,125,125,1,0,16,1,1,,5.050141131,45.36296323,394.9303527,4,1,NULL,NULL,NULL,1,1
325,3,Hirshebelle,6,Hiraan,26,Mataban,NULL,NULL,Salaxsalid,130,130,130,1,0,18,1,1,,5.224433163,45.28088461,330.2423291,4,1,NULL,NULL,NULL,1,1
326,3,Hirshebelle,6,Hiraan,26,Mataban,NULL,NULL,Xajinley,45,45,45,1,0,17,1,0,,5.123618333,45.309575,341.6,7.3,1,NULL,NULL,NULL,1,1
327,1,Banadir,2,Banadir,27,Wadajir,46,53,Gaheyr,1950,1950,1912,3,0,25,2,0,,2.010452491,45.28555124,11,5,1,NULL,NULL,NULL,2,4
328,1,Banadir,2,Banadir,27,Wadajir,NULL,NULL,Gololeey,1671,1671,1671,3,0,24,1,1,,2.014232646,45.28849069,3,5,1,NULL,NULL,NULL,2,4
329,7,South West,1,Bakool,28,Wajid,48,33,Balowka,731,731,731,1,0,36,2,0,,3.804451334,43.23137477,345.4166395,4,1,NULL,NULL,NULL,4,1
330,7,South West,1,Bakool,28,Wajid,48,33,Bula Kerow,85,85,85,1,0,37.67,2,0,,3.762200029,43.18719057,330.6801361,4,1,NULL,NULL,NULL,4,1
331,7,South West,1,Bakool,28,Wajid,47,26,Buula Faash,57,57,57,1,0,37.67,2,0,,3.848814776,43.33037621,371.2278296,4,1,NULL,NULL,NULL,4,1
332,7,South West,1,Bakool,28,Wajid,48,33,Damey,29,29,29,1,0,34.67,2,0,,3.809404737,43.19824733,333.3676902,4,1,NULL,NULL,NULL,4,1
333,7,South West,1,Bakool,28,Wajid,47,26,Gabadegsoy,83,83,83,1,0,38.33,2,0,,3.726873333,43.26670833,397,5,1,NULL,NULL,NULL,4,1
334,7,South West,1,Bakool,28,Wajid,47,26,Garasmamow,84,84,84,1,0,35.33,2,0,,3.719826667,43.25534167,371.2,4.9,1,NULL,NULL,NULL,4,1
335,7,South West,1,Bakool,28,Wajid,48,33,Garsali,75,75,75,1,0,35.33,2,0,,3.733431608,43.25819121,368.5483137,4,1,NULL,NULL,NULL,4,1
336,7,South West,1,Bakool,28,Wajid,48,33,Guure,63,63,63,1,0,37.67,2,0,,3.81149307,43.30995732,364.2420736,6,1,NULL,NULL,NULL,4,1
337,7,South West,1,Bakool,28,Wajid,47,26,Hidig,5203,5203,4103,3,0,39,2,0,,3.802091418,43.25109303,330.5320825,4,1,NULL,NULL,NULL,4,2
338,7,South West,1,Bakool,28,Wajid,48,33,Hudow,85,85,85,1,0,34.33,2,0,,3.765953281,43.29189531,373.7239952,4,1,NULL,NULL,NULL,4,1
339,7,South West,1,Bakool,28,Wajid,47,26,Kawo,55,55,55,1,0,38.67,2,0,,3.794358519,43.2794723,353.3883909,8,1,NULL,NULL,NULL,4,1
340,7,South West,1,Bakool,28,Wajid,47,26,Madfodey,91,91,91,1,0,37.33,2,0,,3.814047725,43.31009961,365.8249143,4,1,NULL,NULL,NULL,4,1
341,7,South West,1,Bakool,28,Wajid,NULL,NULL,Afgoye,50,50,50,1,0,26.33,1,0,,3.820162661,43.25016432,356.6424605,4,1,NULL,NULL,NULL,4,1
342,7,South West,1,Bakool,28,Wajid,NULL,NULL,Aliyow Madey,54,54,54,1,0,23,1,0,,3.784187878,43.23765057,345.6033497,4,1,NULL,NULL,NULL,4,1
343,7,South West,1,Bakool,28,Wajid,NULL,NULL,Bula Hassanow Madey,49,49,49,1,0,25,1,0,,3.80357829,43.22388415,351.9539821,4,1,NULL,NULL,NULL,4,1
344,7,South West,1,Bakool,28,Wajid,NULL,NULL,Burjudle,45,45,30,1,0,27.33,1,0,,3.807848333,43.22394167,392,4.6,1,NULL,NULL,NULL,4,1
345,7,South West,1,Bakool,28,Wajid,NULL,NULL,Meegaagle,59,59,59,1,0,27.33,1,0,,3.81916909,43.24004199,347.7498193,16,1,NULL,NULL,NULL,4,1
346,7,South West,7,Lower Shabelle,29,Wanlaweyn,NULL,NULL,Lafoole,170,170,140,1,0,22,1,0,,2.624658658,44.89660294,51,7,1,NULL,NULL,NULL,4,1
347,7,South West,7,Lower Shabelle,29,Wanlaweyn,NULL,NULL,Waaberi,350,350,300,1,0,20.33,1,0,,2.619200363,44.89710426,59,5,1,NULL,NULL,NULL,4,1
348,7,South West,7,Lower Shabelle,29,Wanlaweyn,49,101,Aqal Gubaay,250,250,250,1,0,31,2,0,,2.495448478,44.98802754,51,5,1,NULL,NULL,NULL,4,1
349,7,South West,7,Lower Shabelle,29,Wanlaweyn,49,101,Bocoreey,230,230,230,1,0,25.67,2,0,,2.553307917,44.90656994,52,5,1,NULL,NULL,NULL,4,1
350,7,South West,7,Lower Shabelle,29,Wanlaweyn,49,101,Buulo Abtiile,245,245,245,1,0,30,2,0,,2.526512062,44.97939074,49,5,1,NULL,NULL,NULL,4,1
351,7,South West,7,Lower Shabelle,29,Wanlaweyn,49,101,Sagaaroole,280,280,220,1,0,33,2,0,,2.4779619,44.98885634,50,4,1,NULL,NULL,NULL,4,1
352,7,South West,7,Lower Shabelle,29,Wanlaweyn,NULL,NULL,Tabeelaha,360,360,348,1,0,24.33,2,0,,2.4922841,44.96770503,50,5,1,NULL,NULL,NULL,4,1
353,7,South West,7,Lower Shabelle,29,Wanlaweyn,49,101,Yaaqdhuub,225,225,225,1,0,25,2,0,,2.554768925,44.91995643,61,5,1,NULL,NULL,NULL,4,1
354,7,South West,7,Lower Shabelle,29,Wanlaweyn,NULL,NULL,Awjiirow,250,250,230,1,0,20.67,1,0,,2.613607873,44.9006923,63,5,1,NULL,NULL,NULL,4,1
355,7,South West,7,Lower Shabelle,29,Wanlaweyn,NULL,NULL,Buuloxanshi,200,200,200,1,0,24.33,1,0,,2.424410046,45.0026895,45,5,1,NULL,NULL,NULL,4,1
356,7,South West,7,Lower Shabelle,29,Wanlaweyn,NULL,NULL,Caanoole,210,210,210,1,0,23,1,0,,2.616224494,44.90243121,36,5,1,NULL,NULL,NULL,4,1
357,7,South West,7,Lower Shabelle,29,Wanlaweyn,NULL,NULL,Caliceeymooy,275,275,275,1,0,28,1,0,,2.405872503,45.04111935,49,5,1,NULL,NULL,NULL,4,1
358,7,South West,7,Lower Shabelle,29,Wanlaweyn,NULL,NULL,Garasqalooc,310,310,290,1,0,28,1,0,,2.413438302,45.04107719,46,4,1,NULL,NULL,NULL,4,1
359,7,South West,7,Lower Shabelle,29,Wanlaweyn,NULL,NULL,Keysaneey,210,210,190,1,0,24.67,1,0,,2.399993269,45.03267014,40,57,1,NULL,NULL,NULL,4,1
360,7,South West,7,Lower Shabelle,29,Wanlaweyn,NULL,NULL,Lalman,240,240,200,1,0,24,1,0,,2.619541381,44.89973852,56,10,1,NULL,NULL,NULL,4,1
361,7,South West,7,Lower Shabelle,29,Wanlaweyn,NULL,NULL,Maynuun,400,400,380,1,0,20.33,1,0,,2.619756837,44.90189519,59,6,1,NULL,NULL,NULL,4,1
362,7,South West,7,Lower Shabelle,29,Wanlaweyn,NULL,NULL,Warmahan Wanlaweyn Side,1025,1025,925,3,0,19.33,1,0,,2.396662007,45.01903966,40,5,1,NULL,NULL,NULL,4,2
363,1,Banadir,2,Banadir,30,Yaqshid,51,98,Sahan,2100,2100,2100,3,0,24,2,0,,2.054942418,45.35223967,18,8,1,NULL,NULL,NULL,2,4
364,1,Banadir,2,Banadir,30,Yaqshid,NULL,NULL,Dalxiis,1500,1500,1500,3,NULL,24,1,0,,NULL,NULL,NULL,NULL,1,NULL,NULL,NULL,2,4
365,4,Jubaland,8,Lower Juba,31,Afmadow,52,42,Dagaday,200,200,200,1,0,39.33,2,0,,-0.122481,40.9978223,53.56604523,10,1,NULL,NULL,NULL,4,1
366,4,Jubaland,8,Lower Juba,31,Afmadow,52,42,Degelema,1100,1100,1100,1,0,33.33,2,0,,0.2989038,40.9951546,47.25504355,10,1,NULL,NULL,NULL,4,1
367,4,Jubaland,8,Lower Juba,31,Afmadow,52,42,Dhobley,16350,16350,15500,3,0,23.33,2,0,,0.4053478,41.0235174,44.36593295,10,1,NULL,NULL,NULL,2,2
368,4,Jubaland,8,Lower Juba,31,Afmadow,52,42,Tulad Barwaqo,700,700,700,1,0,35.33,2,0,,0.5079573,40.9951573,45.66059289,10,1,NULL,NULL,NULL,1,1
369,4,Jubaland,8,Lower Juba,31,Afmadow,NULL,NULL,Afmadow town,18000,18000,16500,3,0,27.33,2,1,,0.51722701,42.07407412,-1.4263916,3.216,1,NULL,NULL,NULL,2,3
370,4,Jubaland,8,Lower Juba,31,Afmadow,NULL,NULL,Kulmis,100,100,100,1,0,32,1,0,,0.469685102,40.99482019,49.80879818,4,1,NULL,NULL,NULL,1,1
371,4,Jubaland,8,Lower Juba,31,Afmadow,NULL,NULL,Shaftuug,27,27,27,1,0,31,1,0,,0.364300962,41.00544081,57.15437224,4,1,NULL,NULL,NULL,1,1
372,4,Jubaland,8,Lower Juba,31,Afmadow,NULL,NULL,Warsan,40,40,40,1,0,33,1,0,,0.492220788,40.99456714,47.09207346,4,1,NULL,NULL,NULL,1,1
373,6,Somaliland,11,Sanaag,32,Erigavo,NULL,NULL,Dayax,400,400,400,1,0,15.33,1,0,,10.58134471,47.18874244,1501.994141,4.288,1,NULL,NULL,NULL,4,1
374,6,Somaliland,11,Sanaag,32,Erigavo,NULL,NULL,Jiidali Dabablehe Kaladhac,300,300,230,2,0,32,2,0,,10.69988044,47.6713998,1388,5,1,NULL,NULL,NULL,4,1
375,6,Somaliland,11,Sanaag,32,Erigavo,53,51,Ninkujooga Qaarar,250,250,200,1,0,35,2,0,,10.53351539,47.8701833,1277.925659,3.216,1,NULL,NULL,NULL,4,1
376,6,Somaliland,11,Sanaag,32,Erigavo,53,51,Buq Village,250,250,250,1,0,29.33,2,0,,10.62388344,47.18149943,1700,5,1,NULL,NULL,NULL,4,1
377,6,Somaliland,11,Sanaag,32,Erigavo,53,51,Seeraha Karinka,400,400,280,3,0,31,2,0,,10.62728735,47.36879692,1758.12085,4.288,1,NULL,NULL,NULL,7,3
378,6,Somaliland,11,Sanaag,32,Erigavo,53,51,Midhisho Kulmiye Buqhayle,370,370,320,2,0,34,2,0,,10.75630242,47.58447771,1499.638184,4.288,1,NULL,NULL,NULL,4,1
379,6,Somaliland,11,Sanaag,32,Erigavo,NULL,NULL,Xafadsomal Marawade,400,400,250,3,0,33.33,2,0,,10.62039049,47.3726145,1754.853516,4.288,1,NULL,NULL,NULL,4,3
380,6,Somaliland,11,Sanaag,32,Erigavo,NULL,NULL,Goob,110,110,110,1,0,17.33,1,0,,10.57241064,47.13338665,1401.881592,4.288,1,NULL,NULL,NULL,4,1
381,6,Somaliland,11,Sanaag,32,Erigavo,NULL,NULL,Kalmac,80,80,50,1,0,19.33,1,0,,10.19358079,47.19717922,1501.777588,4.288,1,NULL,NULL,NULL,4,1
382,6,Somaliland,11,Sanaag,32,Erigavo,NULL,NULL,Yufle,450,450,370,2,0,24.33,1,0,,10.37326477,47.19487221,1639.955078,4.288,1,NULL,NULL,NULL,1,2
383,6,Somaliland,15,Awdal,53,Borama,NULL,NULL,Abbase,200,200,200,1,NULL,28.7,2,0,,10.14035802,43.03071594,1536,5,1,NULL,NULL,NULL,4,1
384,6,Somaliland,15,Awdal,53,Borama,NULL,NULL,Cali-cadde,100,100,100,1,NULL,23.7,1,0,,9.997956818,43.0595315,1493,5,1,NULL,NULL,NULL,4,1
385,6,Somaliland,15,Awdal,53,Borama,NULL,NULL,Carra-cad,368,368,350,1,NULL,29.7,2,0,,10.08195065,43.07977974,1455,5,1,NULL,NULL,NULL,4,1
386,6,Somaliland,15,Awdal,53,Borama,NULL,NULL,Ciye,300,300,300,1,NULL,23.7,1,0,,10.07687629,43.14301668,1392,5,1,NULL,NULL,NULL,4,1
387,6,Somaliland,15,Awdal,53,Borama,NULL,NULL,Culaacule,200,200,200,1,NULL,30.7,2,0,,10.16573444,42.98140621,1496,5,1,NULL,NULL,NULL,4,1
388,6,Somaliland,15,Awdal,53,Borama,NULL,NULL,Dhidhid,323,323,253,1,NULL,22.7,1,0,,10.14339755,43.00851136,1555,5,1,NULL,NULL,NULL,4,1
389,6,Somaliland,15,Awdal,53,Borama,NULL,NULL,Jirjir,352,352,350,1,NULL,25.7,2,0,,10.06263996,43.06252233,1542,5,1,NULL,NULL,NULL,8,1
390,6,Somaliland,15,Awdal,53,Borama,NULL,NULL,Maraaley,400,400,400,1,NULL,22.7,1,0,,10.03297151,43.03881126,1532,5,1,NULL,NULL,NULL,8,1
391,6,Somaliland,15,Awdal,53,Borama,NULL,NULL,Okholale,80,80,75,1,NULL,24.7,1,0,,10.08665433,43.05353282,1494,5,1,NULL,NULL,NULL,4,1
392,6,Somaliland,15,Awdal,53,Borama,NULL,NULL,Qolqol,207,207,200,1,NULL,27.7,2,0,,10.10423327,43.0887778,1560,5,1,NULL,NULL,NULL,4,1
393,6,Somaliland,15,Awdal,53,Borama,NULL,NULL,Quljeed,815,815,625,1,NULL,11,1,0,,10.09008517,43.01139029,1539,5,1,NULL,NULL,NULL,4,1
394,6,Somaliland,15,Awdal,53,Borama,NULL,NULL,Sheikh Huways,220,220,200,1,NULL,20.7,1,0,,10.00765627,43.10175802,1496,5,1,NULL,NULL,NULL,4,1
